"iso3c","country","year","unemp_nat","unemp_ilo","unemp_i","regime","regime_i","fem_labour","fem_labour_i","gini_disp","gini_disp_i","gdp_madki","gdp_madki_i","gdp_cap_i","fertility","fertility_i","alc_all_types","alc_all_types_i","christpct_i","christpct_ii","islampct_i","islampct_ii","buddhapct_i","buddhapct_ii","jewishpct_i","jewishpct_ii","hindupct_i","hindupct_ii","otherpct_i","otherpct_ii","nonreligpct_i","nonreligpct_ii","suicide_total_m","suicide_total_f","suicide_rate_female_owd","suicide_rate_male_owd","suicide_rate_total_owd","pop","pop65","crisis_idx","marit_rate_men","marit_rate_women","div_rate_female","div_rate_male","atwar","crisis_idx_i","atwar_i","crisis_idx_iI","suicide_total_owd","suicide_total_pcm","suicide_male_pcm","suicide_female_pcm","region","any_crisis"
"AFG","Afghanistan",2014,6.92666673660279,11.4275002479553,6.92666673660279,3,3,17.708126137469,17.708126137469,32.075,32.075,1.9104271125,1.9104271125,1.9104271125,5.28,5.28,0.01,0.01,0.001,0.001,0.997,0.997,0,0,0,0,0,0,0.002,0.002,0,0,NA,NA,47.275,144.175,9.465198331669,32774726.25,2.43668823763833,NA,77.7385,76.9200238095238,NA,NA,0.5,0.25,0.5,0.666666666666667,94.65198331669,94.65198331669,144.175,47.275,"South Asia",1
"AGO","Angola",2014,8.79000012079874,7.55125004053116,8.79000012079874,3,3,49.9870520042922,49.9870520042922,49.825,49.825,8.27451265,8.27451265,8.27451265,5.90375,5.90375,6.52625,6.52625,0.9335,0.933625,0.011,0.011,0,0,0,0,0,0,0.0455,0.045375,0.01,0.01,NA,NA,48.4875,216.1,12.5445624572027,26523251.25,2.30576150432876,0,66.1265,50.1470357142857,NA,NA,0,0,0,0,125.445624572027,125.445624572027,216.1,48.4875,"Sub-Saharan Africa",0
"ALB","Albania",2014,15.1374999284744,15.1387499570847,15.1374999284744,5,5,41.8476200962721,41.8476200962721,39.5625,39.5625,9.8553866125,9.8553866125,9.8553866125,1.671125,1.671125,4.78375,4.78375,0.2045,0.205125,0.6175,0.629875,0,0,0,0,0,0,0.0973333333333333,0.084,0.0806666666666667,0.081,61,35,30.7625,74.2,5.19572145551786,2891634.25,11.9889019818651,NA,67.725,62.6064285714286,NA,NA,0,0.125,0,0.125,51.9572145551786,51.9572145551786,74.2,30.7625,"Europe & Central Asia",1
"AND","Andorra",2014,NA,NA,2,NA,9,NA,NA,30.3571428571429,30.3571428571429,4.25579033017573,4.25579033017573,4.25579033017573,1.27,1.27,10.1325,10.1325,0.7785,0.773375,0.0121666666666667,0.012375,0,0,0.003,0.003,0.005,0.005,0.137,0.14175,0.0643333333333333,0.0645,NA,NA,30.5625,131.475,8.19811082756611,80364.875,NA,NA,NA,NA,NA,NA,0,0.625,0,NA,81.9811082756611,81.9811082756611,131.475,30.5625,"Europe & Central Asia",1
"ARE","United Arab Emirates",2014,2.05000001192093,2.03874999284744,2.05000001192093,0,0,14.4793879496653,14.4793879496653,NA,NA,70.5414875375,70.5414875375,70.5414875375,1.627,1.627,1.9725,1.9725,0.128666666666667,0.12925,0.754666666666667,0.752,0.021,0.02125,0,0,0.0695,0.070375,0.0145,0.015375,0.0116666666666667,0.01175,NA,NA,18.575,64.2375,5.1410739807157,9145191.125,0.86872182867259,NA,NA,NA,NA,NA,0,0,0,0,51.410739807157,51.410739807157,64.2375,18.575,"Middle East & North Africa",0
"ARG","Argentina",2014,7.47166665395101,7.55124998092651,7.47166665395101,6,6,41.631232430599,41.631232430599,38.425,38.425,19.401987225,19.401987225,19.401987225,2.314,2.314,8.08875,8.08875,0.906,0.905,0.0208333333333333,0.021125,0.001,0.001,0.0045,0.004375,0,0,0.00716666666666667,0.007375,0.0605,0.061125,2485.25,609.375,40.85,182.2375,10.8067861488967,42427849.25,10.5744111687736,0.285714285714286,64.86,59.8045454545455,NA,NA,0,0.25,0,0,108.067861488967,108.067861488967,182.2375,40.85,"Latin America & Caribbean",1
"ARM","Armenia",2014,17.7512502670288,17.7525000572204,17.7512502670288,3,3,46.6401893566395,46.6401893566395,36.475,36.475,9.4967736875,9.4967736875,9.4967736875,1.732875,1.732875,4.0025,4.0025,0.947,0.9495,0,0,0,0,0,0,0,0,0.0116666666666667,0.0115,0.0413333333333333,0.039,49.5,16.625,34.475,146,8.56002616881284,2906822.625,10.9093752005583,NA,66.5340909090909,59.3635909090909,NA,NA,0,0.375,0,0.375,85.6002616881284,85.6002616881284,146,34.475,"Europe & Central Asia",1
"ASM","American Samoa",2014,9.19999980926514,NA,9.19999980926514,NA,7,NA,NA,NA,NA,4.23111992663203,4.45288059481741,4.45288059481741,NA,NA,NA,NA,0.871,0.87175,0,0,0.003,0.003,0,0,0,0,0.117666666666667,0.11675,0.00833333333333333,0.0085,NA,NA,35.475,98.8875,6.68053216177937,55772.75,NA,NA,NA,NA,NA,NA,NA,0.125,0,NA,66.8053216177937,66.8053216177937,98.8875,35.475,"East Asia & Pacific",NA
"ATG","Antigua & Barbuda",2014,NA,NA,11,NA,7,NA,NA,NA,NA,4.23391764985726,4.23391764985726,4.23391764985726,1.99675,1.99675,7.50125,7.50125,0.781,0.77475,0.002,0.002,0,0,5e-04,0.000625,0.0045,0.004625,0.1525,0.157375,0.0595,0.060625,NA,1,8.9125,46.6125,2.66753235943966,91910.875,7.91127144103783,NA,NA,NA,NA,NA,0,0.125,0,NA,26.6753235943966,26.6753235943966,46.6125,8.9125,"Latin America & Caribbean",0
"AUS","Australia",2014,5.57499998807907,5.57499998807907,5.57499998807907,9,9,45.6893231756186,45.6893231756186,32.6375,32.6375,47.5144796125,47.5144796125,47.5144796125,1.84525,1.84525,9.96375,9.96375,0.603,0.5995,0.0235,0.024125,0.0256666666666667,0.026,0.005,0.005,0.0145,0.015125,0.0943333333333333,0.09175,0.234,0.2385,2081.375,684.125,51.25,167.925,10.8501012543704,23289727,14.3943595985551,0.571428571428571,51.5676923076923,47.9661538461538,NA,NA,0,0.5,0,0,108.501012543704,108.501012543704,167.925,51.25,"East Asia & Pacific",1
"AUT","Austria",2014,5.30374997854233,5.30500000715256,5.30374997854233,9,9,46.5344826812978,46.5344826812978,27.775,27.775,41.3660899875,41.3660899875,41.3660899875,1.46875,1.46875,11.8625,11.8625,0.701666666666667,0.69525,0.0673333333333333,0.06875,0.001,0.001,0.001,0.001,0,0,0.058,0.06025,0.171,0.17375,965.125,298.875,54.2375,191.6875,11.9377815473571,8548518.75,18.4955966351807,0.285714285714286,57.6647435897436,59.3958333333333,NA,NA,0,0.25,0,0,119.377815473571,119.377815473571,191.6875,54.2375,"Europe & Central Asia",1
"AZE","Azerbaijan",2014,5.13499999046326,5.13499999046326,5.13499999046326,3,3,48.9702874218109,48.9702874218109,NA,NA,16.736017975,16.736017975,16.736017975,1.9275,1.9275,2.51125,2.51125,0.0316666666666667,0.03175,0.951833333333333,0.952875,0,0,0.001,0.001,0,0,0.00216666666666667,0.002125,0.0133333333333333,0.01225,NA,NA,17.3375,73.95,4.38314269642099,9467033,5.80136596065911,NA,66.9313095238095,54.1576190476191,NA,NA,0,0,0,0,43.8314269642099,43.8314269642099,73.95,17.3375,"Europe & Central Asia",0
"BDI","Burundi",2014,1.57000005245209,1.60999999940396,1.57000005245209,3,3,52.07381548018,52.07381548018,38.85,38.85,0.70999105,0.70999105,0.70999105,5.844125,5.844125,4.0875,4.0875,0.869833333333333,0.872125,0.0243333333333333,0.0245,0,0,0,0,0.001,0.001,0.103833333333333,0.101375,0.001,0.001,NA,NA,60.4875,204.6,13.0348235003847,9717454.25,2.12489449867098,NA,72.3069456521739,55.7761428571429,NA,NA,0,0,0,0,130.348235003847,130.348235003847,204.6,60.4875,"Sub-Saharan Africa",0
"BEL","Belgium",2014,7.91500002145767,7.91500002145767,7.91500002145767,9,9,45.6367836992917,45.6367836992917,26.15,26.15,38.30343635,38.30343635,38.30343635,1.75,1.75,10.075,10.075,0.6855,0.682375,0.0568333333333333,0.057125,0.002,0.002,0.003,0.003,0.001,0.001,0.00516666666666667,0.005125,0.2465,0.249375,1400.42857142857,556,83.6125,227.8,15.3635557155953,11173752.75,17.9029240124719,1.42857142857143,61.8215384615385,58.58,NA,NA,0,0.625,0,0,153.635557155953,153.635557155953,227.8,83.6125,"Europe & Central Asia",1
"BEN","Benin",2014,1.84500002861023,2.39250001311302,1.84500002861023,7,7,49.1875599383019,49.1875599383019,46.25,46.25,1.972654825,1.972654825,1.972654825,5.14275,5.14275,1.4775,1.4775,0.427166666666667,0.427125,0.285,0.2875,0,0,0,0,0,0,0.2845,0.281875,0.00333333333333333,0.0035,NA,NA,60.6375,177.6875,11.5135487596803,10162998.75,3.23379821106308,NA,67.8706547619048,68.357380952381,NA,NA,0,0,0,0,115.135487596803,115.135487596803,177.6875,60.6375,"Sub-Saharan Africa",0
"BFA","Burkina Faso",2014,6.48000001907349,5.58749997615814,6.48000001907349,6,6,44.3664526312648,44.3664526312648,42.68,42.68,1.422550275,1.422550275,1.422550275,5.566,5.566,6.3325,6.3325,0.2505,0.253875,0.591833333333333,0.594125,0,0,0,0,0,0,0.154,0.1485,0.00366666666666667,0.0035,NA,NA,57.7,216.625,13.0895434658092,17358431.5,2.43343937640759,NA,76.9636363636364,75.165,NA,NA,0,0,0,0,130.895434658092,130.895434658092,216.625,57.7,"Sub-Saharan Africa",0
"BGD","Bangladesh",2014,4.1324999332428,4.13374996185303,4.1324999332428,5,5,27.6496893118444,27.6496893118444,34.8142857142857,34.8125,3.1752823375,3.1752823375,3.1752823375,2.179625,2.179625,0,0,0.005,0.005,0.901833333333333,0.902125,0.006,0.006,0,0,0.0803333333333333,0.0795,0.00583333333333333,0.006375,0.001,0.001,NA,NA,66.475,63.7125,6.56011785019998,153629945.875,5.00929956911369,NA,74.7677272727273,79.1106349206349,NA,NA,0,0,0,0,65.6011785019998,65.6011785019998,63.7125,66.475,"South Asia",0
"BGR","Bulgaria",2014,10.1300000548363,10.1312500238419,10.1300000548363,6,6,46.4724706722723,46.4724706722723,35.8,35.8,15.9133941875,15.9133941875,15.9133941875,1.5275,1.5275,10.86625,10.86625,0.805,0.80325,0.0718333333333333,0.069125,0,0,0,0,0,0,0.0865,0.091125,0.0366666666666667,0.0365,576.625,171.25,37.9125,155.425,9.3497609054581,7240078.5,19.4277351740534,NA,48.5364285714286,45.5127142857143,NA,NA,0,0,0,0,93.497609054581,93.497609054581,155.425,37.9125,"Europe & Central Asia",0
"BHR","Bahrain",2014,2.11000001430512,1.26750001311302,2.11000001430512,0,0,21.3424449579794,21.3424449579794,47.5,47.5,38.4909287125,38.4909287125,38.4909287125,2.087,2.087,1.59125,1.59125,0.1415,0.144375,0.671666666666667,0.664,0.00233333333333333,0.0025,0,0,0.0635,0.063125,0.116,0.121,0.005,0.005,11.6,3,19.7375,60.275,4.55247613172452,1345221.75,2.25147282305615,NA,NA,55.5236363636364,NA,NA,0,0,0,0,45.5247613172452,45.5247613172452,60.275,19.7375,"Middle East & North Africa",0
"BHS","Bahamas",2014,13.2885716302054,13.418750166893,13.2885716302054,NA,7,48.1168178728215,48.1168178728215,44.475,44.475,4.24576697387864,4.24576697387864,4.24576697387864,1.807375,1.807375,8.73875,8.73875,0.9175,0.915375,0.001,0.001,0,0,0.000333333333333333,0.00025,0.001,0.001,0.0373333333333333,0.0395,0.0428333333333333,0.042875,4,1.75,10.35,54.975,3.1395323040388,368725.25,6.5326510402221,NA,48.8671428571429,38.3071428571429,NA,NA,0,0.125,0,0.142857142857143,31.395323040388,31.395323040388,54.975,10.35,"Latin America & Caribbean",1
"BIH","Bosnia & Herzegovina",2014,26.4425001144409,26.4425001144409,26.4425001144409,6,6,39.0757401445364,39.0757401445364,38.8833333333333,38.8833333333333,9.3025866875,9.3025866875,9.3025866875,1.301625,1.301625,4.715,4.715,0.479,0.47725,0.481166666666667,0.483375,0,0,0,0,0,0,0,0,0.0398333333333333,0.039375,124,70,25.3875,110.2125,6.59139295851293,3520435.375,14.4971991330801,NA,53.43,62.0885714285714,NA,NA,0,0.875,0,0.875,65.9139295851293,65.9139295851293,110.2125,25.3875,"Europe & Central Asia",1
"BLR","Belarus",2014,2.08428575311388,5.95875000953674,2.08428575311388,3,3,49.6479688489132,49.6479688489132,23.4875,23.4875,18.0631056,18.0631056,18.0631056,1.623875,1.623875,11.88625,11.88625,0.579333333333333,0.57975,0.003,0.003,0,0,0.000833333333333333,0.000625,0,0,0.0103333333333333,0.011,0.4065,0.405625,NA,NA,69.7,421.3125,22.9847237405354,9482271.5,14.1916441985143,NA,65.3944444444444,64.9157142857143,NA,NA,0,0,0,0,229.847237405354,229.847237405354,421.3125,69.7,"Europe & Central Asia",0
"BLZ","Belize",2014,7.5539999961853,7.87499994039536,7.5539999961853,NA,5.5,37.6946765264278,37.6946765264278,NA,NA,4.22665802459261,4.22665802459261,4.22665802459261,2.515,2.515,6.1825,6.1825,0.764333333333333,0.7615,0.002,0.002,0.00266666666666667,0.00275,0.01,0.01,0.002,0.002,0.0556666666666667,0.055,0.163333333333333,0.16675,18,4,19.625,132.3875,7.58341093029677,349360.5,4.31408714991328,NA,55.4272077922078,57.5716017316017,NA,NA,0,0,0,0,75.8341093029677,75.8341093029677,132.3875,19.625,"Latin America & Caribbean",0
"BMU","Bermuda",2014,7.63249969482422,NA,7.63249969482422,NA,7,NA,NA,NA,NA,4.2905028126235,13.2237710985366,13.2237710985366,1.62875,1.62875,NA,NA,0.642666666666667,0.63475,0.01,0.01,0.005,0.005,0.002,0.002,0.002,0.002,0.148833333333333,0.154125,0.1895,0.192125,1.4,1,9.125,65.65,3.52741628262368,64786.125,NA,NA,48.8482692307692,39.9802472527472,NA,NA,NA,0.125,0,NA,35.2741628262368,35.2741628262368,65.65,9.125,"North America",NA
"BOL","Bolivia",2014,2.71999999455043,2.68125000596046,2.71999999455043,6,6,42.3843925967827,42.3843925967827,43.7,43.7,5.8570160875,5.8570160875,5.8570160875,2.985125,2.985125,3.51625,3.51625,0.926833333333333,0.927125,0,0,0.001,0.001,0,0,0,0,0.0521666666666667,0.051875,0.02,0.02,NA,NA,44.1,89.825,6.63570224099268,10622813.75,6.56860385070082,0,61.7392307692308,59.3418131868132,NA,NA,0,0,0,0,66.3570224099268,66.3570224099268,89.825,44.1,"Latin America & Caribbean",0
"BRA","Brazil",2014,8.65714291163853,8.5412500500679,8.65714291163853,6,6,42.5302900875267,42.5302900875267,46.975,46.975,14.7807765625,14.7807765625,14.7807765625,1.763625,1.763625,6.77125,6.77125,0.867,0.86625,0,0,0.001,0.001,0.001,0.001,0,0,0.0523333333333333,0.05275,0.0786666666666667,0.079,8452.25,2291.625,23.4125,100.325,6.02554850688474,201847970.125,7.65696463492772,0.142857142857143,60.965,50.8621428571429,NA,NA,0,0.125,0,0,60.2554850688474,60.2554850688474,100.325,23.4125,"Latin America & Caribbean",0
"BRB","Barbados",2014,10.4824999570847,11.0149999856949,10.4824999570847,NA,7,49.3352333650931,49.3352333650931,43.4375,43.4375,11.8983023875,11.8983023875,11.8983023875,1.636125,1.636125,8.7975,8.7975,0.704666666666667,0.70475,0.006,0.006,0,0,0,0,0.004,0.004,0.117166666666667,0.116625,0.168166666666667,0.168625,3,NA,14.0125,69.6,3.98261160571364,284411.5,14.2403438248229,NA,33.2078571428571,45.3760714285714,NA,NA,0,0,0,0,39.8261160571364,39.8261160571364,69.6,14.0125,"Latin America & Caribbean",0
"BRN","Brunei",2014,8.14499974250793,7.3887500166893,8.14499974250793,NA,5.5,41.9386387570921,41.9386387570921,NA,NA,4.25048200035323,4.25048200035323,4.25048200035323,1.944625,1.944625,0.7275,0.7275,0.1175,0.117375,0.573666666666667,0.5745,0.0925,0.091375,0,0,0.00816666666666667,0.008125,0.196166666666667,0.196625,0.012,0.012,5.85714285714286,2,30.0625,89.7375,6.0122016132128,406836.625,3.87535566424675,NA,64.8857142857143,53.2114285714286,NA,NA,0,0,0,0,60.122016132128,60.122016132128,89.7375,30.0625,"East Asia & Pacific",0
"BTN","Bhutan",2014,2.75833332538605,2.66624999046326,2.75833332538605,5,5,42.0662335402698,42.0662335402698,41.0875,41.0875,4.22533642553705,4.22533642553705,4.22533642553705,2.112875,2.112875,0.1675,0.1675,0.007,0.007,0.00166666666666667,0.0015,0.841666666666667,0.842,0,0,0.113833333333333,0.113625,0.0358333333333333,0.035875,0,0,NA,NA,31.5375,83.9625,5.91666214653807,714978.875,5.56246300361967,NA,66.5635714285714,68.73,NA,NA,0,0,0,0,59.1666214653807,59.1666214653807,83.9625,31.5375,"South Asia",0
"BWA","Botswana",2014,17.8600006103516,17.7525000572205,17.8600006103516,8,8,47.9611550693395,47.9611550693395,58.2666666666667,58.225,14.3748945875,14.3748945875,14.3748945875,2.9825,2.9825,5.23125,5.23125,0.3165,0.318625,0.004,0.004,0.001,0.001,0,0,0.002,0.002,0.6765,0.674375,0,0,NA,NA,57.325,160.3625,10.4457242205301,2084874.5,3.68489992272106,NA,53.4164285714286,44.6128571428571,NA,NA,0,0.125,0,1,104.457242205301,104.457242205301,160.3625,57.325,"Sub-Saharan Africa",1
"CAF","Central African Republic",2014,NA,4.32375007867813,4.32375007867813,3,3,45.4725345757443,45.4725345757443,NA,NA,0.7043758875,0.7043758875,0.7043758875,5.024,5.024,1.3275,1.3275,0.683166666666667,0.684875,0.180333333333333,0.1825,0,0,0,0,0,0,0.127166666666667,0.123125,0.00933333333333333,0.0095,NA,NA,71.3875,282.875,17.2440440286438,4472602.625,2.91656597103982,0,75.7144444444444,76.8971428571429,NA,NA,0.25,0,0.25,NA,172.440440286438,172.440440286438,282.875,71.3875,"Sub-Saharan Africa",1
"CAN","Canada",2014,7.13625007867813,7.13625007867813,7.13625007867813,9,9,47.1819310048514,47.1819310048514,31.375,31.375,43.0510084875,43.0510084875,43.0510084875,1.5777875,1.5777875,8.1625,8.1625,0.601333333333333,0.594,0.0326666666666667,0.0335,0.011,0.011,0.0095,0.009375,0.015,0.01525,0.0903333333333333,0.09225,0.240166666666667,0.244625,3031.75,1024.875,56.4625,165.3125,10.9739991269488,35241818,15.448139527189,0,55.845582010582,51.8672751322751,NA,NA,0,0,0,0,109.739991269488,109.739991269488,165.3125,56.4625,"North America",0
"CHE","Switzerland",2014,4.72250008583069,4.72375005483627,4.72250008583069,9,9,46.239398205621,46.239398205621,29.625,29.625,59.03011765,59.03011765,59.03011765,1.5275,1.5275,9.73375,9.73375,0.7255,0.719875,0.0493333333333333,0.04975,0.00333333333333333,0.0035,0.003,0.003,0.003,0.003,0.000666666666666667,5e-04,0.215166666666667,0.220375,762.5,276.875,55.575,156.675,10.4277869241997,8139967.125,17.6688714094521,0,49.1673885109599,45.8383786848073,NA,NA,0,0,0,0,104.277869241997,104.277869241997,156.675,55.575,"Europe & Central Asia",0
"CHL","Chile",2014,6.9375,6.93875002861023,6.9375,8,8,41.0523225207804,41.0523225207804,46.175,46.175,20.8189048875,20.8189048875,20.8189048875,1.794,1.794,7.6975,7.6975,0.883,0.883,0,0,0.001,0.001,0.001,0.001,0,0,0.00983333333333333,0.009875,0.105166666666667,0.105125,1531.375,340.125,38.3625,174.9,10.4210781776895,17709473.125,10.2119846166399,0.428571428571429,58.2290909090909,50.0736363636364,NA,NA,0,0.375,0,0,104.210781776895,104.210781776895,174.9,38.3625,"Latin America & Caribbean",1
"CHN","China",2014,4.05833331743876,4.53749996423721,4.05833331743876,0,0,43.9557910980475,43.9557910980475,41.675,41.675,11.42229375,11.42229375,11.42229375,1.653,1.653,5.6825,5.6825,0.074,0.07475,0.0165,0.016625,0.157,0.15775,0,0,0,0,0.360166666666667,0.359625,0.392333333333333,0.39125,NA,NA,64.475,91.8125,7.78069998219591,1361307500,8.98898450706286,0.142857142857143,72.2097727272727,73.7145454545455,NA,NA,0,0.125,0,0,77.8069998219591,77.8069998219591,91.8125,64.475,"East Asia & Pacific",0
"CIV","Côte d’Ivoire",2014,4.33499991893768,4.71999996900558,4.33499991893768,3,3,38.6027712737379,38.6027712737379,56.1166666666667,56.2125,2.9551068125,2.9551068125,2.9551068125,4.89425,4.89425,1.35625,1.35625,0.360333333333333,0.3645,0.411166666666667,0.412625,0.001,0.001,0,0,0,0,0.2235,0.217875,0.004,0.004,NA,NA,57.675,225.35,14.4114918498915,22416288.375,2.83397555458218,0,60.917619047619,59.2121428571429,NA,NA,0.125,0,0.125,0,144.114918498915,144.114918498915,225.35,57.675,"Sub-Saharan Africa",0
"CMR","Cameroon",2014,3.82000005245208,3.69375002384186,3.82000005245208,3,3,46.9315730711747,46.9315730711747,45.32,45.32,2.652425675,2.652425675,2.652425675,4.878875,4.878875,5.3525,5.3525,0.4675,0.468125,0.1545,0.152875,0,0,0,0,0,0,0.364,0.36475,0.014,0.01425,NA,NA,82.8625,217.5375,14.7931050081914,22410375.375,2.77546062567079,NA,62.8619565217391,59.512380952381,NA,NA,0,0,0,0,147.931050081914,147.931050081914,217.5375,82.8625,"Sub-Saharan Africa",0
"COD","Congo - Kinshasa",2014,4.48999977111816,4.32874995470047,4.48999977111816,3,3,48.4587933148133,48.4587933148133,43.9,43.9,0.7614889125,0.7614889125,0.7614889125,6.306375,6.306375,0.68625,0.68625,0.949833333333333,0.949625,0.015,0.015,0,0,0,0,0.00116666666666667,0.001125,0.0296666666666667,0.02975,0.00433333333333333,0.0045,NA,NA,46.05,197.9,11.5370701259073,72737305.375,3.01212403413816,NA,71.65,65.37,NA,NA,0,0,0,0,115.370701259073,115.370701259073,197.9,46.05,"Sub-Saharan Africa",0
"COG","Congo - Brazzaville",2014,10,10.6625000238419,10,3,3,49.0513787331732,49.0513787331732,48.05,48.05,5.988398525,5.988398525,5.988398525,4.64175,4.64175,4.63625,4.63625,0.892333333333333,0.8905,0.012,0.012,0,0,0,0,0,0,0.0656666666666667,0.0675,0.03,0.03,NA,NA,80.3375,206.3875,14.0047909128487,4685788,2.56609996815931,NA,59.4001948051948,56.1239285714286,NA,NA,0,0,0,0,140.047909128487,140.047909128487,206.3875,80.3375,"Sub-Saharan Africa",0
"COL","Colombia",2014,9.2887498140335,9.2887498140335,9.2887498140335,5,5,42.9396005506507,42.9396005506507,49.55,49.55,12.5680898375,12.5680898375,12.5680898375,1.899875,1.899875,4.35625,4.35625,0.955333333333333,0.955,0,0,0,0,0,0,0,0,0.0193333333333333,0.01925,0.0253333333333333,0.02575,1832.75,423.125,19.475,94.475,5.55622665593927,46878740.5,7.3493861815643,0.428571428571429,58.0391071428571,50.0255833333333,NA,NA,1,0.5,1,1,55.5622665593927,55.5622665593927,94.475,19.475,"Latin America & Caribbean",1
"COM","Comoros",2014,8.14000034332275,7.61375004053116,8.14000034332275,5,5,37.1829951148998,37.1829951148998,54.62,54.62,1.599675225,1.599675225,1.599675225,4.521,4.521,0.18625,0.18625,0.004,0.004,0.983,0.983,0,0,0,0,0,0,0.012,0.012,0.001,0.001,NA,NA,39.2,134.6,8.37302370007056,750991.875,2.92353291730058,NA,71.7045454545455,61.53,NA,NA,0,0,0,0,83.7302370007056,83.7302370007056,134.6,39.2,"Sub-Saharan Africa",0
"CPV","Cape Verde",2014,18.0733331044515,11.5287499427795,18.0733331044515,9,9,41.9653698050234,41.9653698050234,49.45,49.45,6.2948328875,6.2948328875,6.2948328875,2.4435,2.4435,4.4525,4.4525,0.9485,0.948375,0.028,0.028,0,0,0,0,0,0,0.0145,0.014625,0.009,0.009,37,6.5,61,285.7625,17.0658243480836,515018.5,4.78533336458006,NA,NA,NA,NA,NA,0,0.125,0,0.333333333333333,170.658243480836,170.658243480836,285.7625,61,"Sub-Saharan Africa",1
"CRI","Costa Rica",2014,8.8325002193451,8.8325002193451,8.8325002193451,9,9,38.6554665086758,38.6554665086758,46.275,46.275,13.196668525,13.196668525,13.196668525,1.829375,1.829375,3.67625,3.67625,0.889333333333333,0.89075,0,0,0,0,0.001,0.001,0,0,0.0108333333333333,0.010875,0.0988333333333333,0.097375,257.25,47.75,20.625,131.2125,7.36795436851579,4766633.75,8.25317369914188,0,55.7789795918367,46.5178231292517,NA,NA,0,0,0,0,73.6795436851579,73.6795436851579,131.2125,20.625,"Latin America & Caribbean",0
"CUB","Cuba",2014,2.65375003218651,2.65375003218651,2.65375003218651,0,0,38.9617549552925,38.9617549552925,NA,NA,7.4602417625,7.4602417625,7.4602417625,1.6675,1.6675,4.24125,4.24125,0.588666666666667,0.58925,0.001,0.001,0.001,0.001,0,0,0.002,0.002,0.184,0.18525,0.223333333333333,0.2215,1197.25,309.375,48.275,175.0625,11.0018054730249,11288546.75,13.603040378333,NA,54.6010714285714,57.6664285714286,NA,NA,0,0,0,0,110.018054730249,110.018054730249,175.0625,48.275,"Latin America & Caribbean",0
"CYP","Cyprus",2014,12.0987500548363,12.0987500548363,12.0987500548363,9,9,45.710410892601,45.710410892601,30.45,30.45,25.8535488375,25.8535488375,25.8535488375,1.3745,1.3745,10.01125,10.01125,0.693333333333333,0.6925,0.240166666666667,0.240125,0.006,0.006,0.00166666666666667,0.00175,0.0035,0.003625,0.0111666666666667,0.011625,0.0441666666666667,0.044375,39.625,8,17.7375,77.375,4.70172991280267,1147436.75,12.3953931912954,NA,69.3069230769231,63.1238461538462,NA,NA,0,0,0,0,47.0172991280267,47.0172991280267,77.375,17.7375,"Europe & Central Asia",1
"CZE","Czechia",2014,5.74000006914139,5.74000006914139,5.74000006914139,9,9,43.9530523262366,43.9530523262366,25.1375,25.1375,27.4372690375,27.4372690375,27.4372690375,1.53375,1.53375,12.74375,12.74375,0.101,0.08975,0.001,0.001,0.001,0.001,0,0,0,0,0.592166666666667,0.618875,0.304833333333333,0.289375,1219.125,270.625,39.3125,200.0625,11.7247777727684,10528466.375,17.2161361191201,NA,47.2131443688587,42.8872902494331,NA,NA,0,0,0,0,117.247777727684,117.247777727684,200.0625,39.3125,"Europe & Central Asia",0
"DEU","Germany",2014,5.10874998569489,5.10874998569489,5.10874998569489,9,9,46.0749072838272,46.0749072838272,29.1375,29.1375,43.6944208,43.6944208,43.6944208,1.46875,1.46875,11.095,11.095,0.653666666666667,0.651,0.0495,0.049625,0.001,0.001,0.00166666666666667,0.00175,0.001,0.001,0.0368333333333333,0.036875,0.256333333333333,0.25875,7409,2537.125,46.3375,152.3,9.75483650635323,81349765.375,20.9953401637326,0.285714285714286,49.0850824175824,47.1420604395604,NA,NA,0,0.125,0,0,97.5483650635323,97.5483650635323,152.3,46.3375,"Europe & Central Asia",0
"DJI","Djibouti",2014,26.0599994659424,11.4275002479553,26.0599994659424,3,3,39.1746671956726,39.1746671956726,42.9875,42.9875,2.813540125,2.813540125,2.813540125,3.02775,3.02775,0.36375,0.36375,0.017,0.017,0.969,0.969,0,0,0,0,0,0,0.002,0.002,0.012,0.012,NA,NA,41.4,125.9125,8.55876884122642,891399.875,4.16584655244738,NA,62.5333333333333,47.9083333333333,NA,NA,0,0.125,0,1,85.5876884122642,85.5876884122642,125.9125,41.4,"Middle East & North Africa",1
"DMA","Dominica",2014,NA,NA,13,NA,5.5,NA,NA,44.9,44.9,9.1123125125,9.1123125125,9.1123125125,NA,NA,10.0125,10.0125,0.830333333333333,0.8275,0.002,0.002,0.001,0.001,0,0,5e-04,0.000375,0.0681666666666667,0.069125,0.098,0.1,2.83333333333333,1,13.8625,75.2875,4.46143646703597,71101,NA,NA,NA,NA,NA,NA,0,0,0,NA,44.6143646703597,44.6143646703597,75.2875,13.8625,"Latin America & Caribbean",1
"DNK","Denmark",2014,6.96625000238418,6.96625000238418,6.96625000238418,9,9,47.1957460460357,47.1957460460357,25.5,25.5,44.11474415,44.11474415,44.11474415,1.745,1.745,9.6475,9.6475,0.822333333333333,0.81825,0.0435,0.044125,0.004,0.004,0.001,0.001,0.002,0.002,0.00166666666666667,0.00175,0.1255,0.128875,437,160,44.725,136.7125,8.96103822092744,5643088.375,18.2395019629809,0.714285714285714,45.0830158730159,43.3408366402116,NA,NA,0,0.625,0,0,89.6103822092744,89.6103822092744,136.7125,44.725,"Europe & Central Asia",1
"DOM","Dominican Republic",2014,6.60124999284744,6.60124999284744,6.60124999284744,6,6,38.4336829694067,38.4336829694067,43.975,43.975,12.9176745125,12.9176745125,12.9176745125,2.433375,2.433375,5.535,5.535,0.949666666666667,0.9495,0,0,0,0,0,0,0,0,0.024,0.024,0.0263333333333333,0.0265,235.25,49.25,29.075,136.8625,8.25874333496425,10105649.75,6.31947578237352,0,58.2265517241379,54.2658323158323,NA,NA,0,0,0,0,82.5874333496425,82.5874333496425,136.8625,29.075,"Latin America & Caribbean",0
"DZA","Algeria",2014,10.7374999523163,10.5412499904633,10.7374999523163,3,3,18.7841012971934,18.7841012971934,35.3,35.225,13.6263718625,13.6263718625,13.6263718625,2.984125,2.984125,0.4975,0.4975,0.001,0.001,0.984166666666667,0.983875,0,0,0,0,0,0,0.00133333333333333,0.0015,0.0135,0.013625,NA,NA,23.8125,62.5,4.33005938300435,38594404,5.7436890712985,0,68.8007692307692,55.2095,NA,NA,0,0,0,0,43.3005938300435,43.3005938300435,62.5,23.8125,"Middle East & North Africa",0
"ECU","Ecuador",2014,3.67499998211861,3.67624998092651,3.67499998211861,6,6,39.3193100803083,39.3193100803083,42.8875,42.8875,10.4469362375,10.4469362375,10.4469362375,2.532875,2.532875,3.85875,3.85875,0.952333333333333,0.95175,0,0,0.001,0.001,0,0,0,0,0.0151666666666667,0.015125,0.0315,0.032125,723,238.625,48.675,150.425,9.84425955869138,15859613.75,6.42087449885241,0,60.7314285714286,53.1071428571429,NA,NA,0,0,0,0,98.4425955869138,98.4425955869138,150.425,48.675,"Latin America & Caribbean",0
"EGY","Egypt",2014,12.0825001001358,12.0837500095367,12.0825001001358,3,3,23.2601385975136,23.2601385975136,42.2875,42.2875,11.0179974625,11.0179974625,11.0179974625,3.374875,3.374875,0.1775,0.1775,0.110333333333333,0.11,0.883333333333333,0.8835,0,0,0,0,0,0,0.000333333333333333,5e-04,0.006,0.006,86.75,19.5,27.1,80.2375,5.42257903036858,89484278.875,5.00555299002529,0,72.1626098901099,63.7278571428571,NA,NA,0,0,0,0,54.2257903036858,54.2257903036858,80.2375,27.1,"Middle East & North Africa",1
"ERI","Eritrea",2014,NA,6.69250005483627,6.69250005483627,NA,5.5,46.191396047321,46.191396047321,NA,NA,4.22371101729112,4.22371101729112,4.22371101729112,4.320625,4.320625,0.75125,0.75125,0.464333333333333,0.464,0.515,0.51525,0,0,0,0,0,0,0.00666666666666667,0.00675,0.014,0.014,NA,NA,76.4625,291.2125,16.6177509547088,3192203.5,4.04196918491638,NA,NA,NA,NA,NA,0,NA,0,NA,166.177509547088,166.177509547088,291.2125,76.4625,"Sub-Saharan Africa",NA
"ESP","Spain",2014,21.9349999427795,21.9362499713898,21.9349999427795,8,8,45.7084619733305,45.7084619733305,33.3375,33.3375,31.0061904375,31.0061904375,31.0061904375,1.325,1.325,9.2325,9.2325,0.724333333333333,0.722,0.0243333333333333,0.0245,0,0,0,0,0.001,0.001,0.00666666666666667,0.0055,0.243666666666667,0.247,2692.375,871.875,26.725,91.1,5.75751409994459,46589463.25,18.1286766130256,0.714285714285714,62.2569230769231,58.5184615384615,NA,NA,0,0.625,0,0.25,57.5751409994459,57.5751409994459,91.1,26.725,"Europe & Central Asia",1
"EST","Estonia",2014,9.21875000000002,9.21875000000002,9.21875000000002,9,9,48.7952291838076,48.7952291838076,32.4875,32.4875,23.61532845,23.61532845,23.61532845,1.59,1.59,16.12,16.12,0.288333333333333,0.28775,0.001,0.001,0.001,0.001,0.001,0.001,0,0,0.148166666666667,0.140875,0.5605,0.568375,173.75,43.875,39.5125,257.075,14.0099788695674,1320341.625,18.40539354523,NA,47.1229487179487,38.97,NA,NA,0,0,0,0,140.099788695674,140.099788695674,257.075,39.5125,"Europe & Central Asia",0
"ETH","Ethiopia",2014,2.25,2.23499998450279,2.25,3,3,46.1063289158039,46.1063289158039,33.3333333333333,33.3333333333333,1.41971265,1.41971265,1.41971265,4.735875,4.735875,0.565,0.565,0.633333333333333,0.63375,0.3435,0.344125,0,0,0,0,0,0,0.0221666666666667,0.021125,0.001,0.001,NA,NA,53.5125,150.7875,10.3765692079407,96853235.375,3.40621598194435,NA,73.6850227272727,60.9,NA,NA,0,0,0,0,103.765692079407,103.765692079407,150.7875,53.5125,"Sub-Saharan Africa",0
"FIN","Finland",2014,8.44375002384186,8.44375002384186,8.44375002384186,9,9,48.0855861734134,48.0855861734134,25.5375,25.5375,37.537084125,37.537084125,37.537084125,1.70875,1.70875,8.99625,8.99625,0.7795,0.775125,0.00883333333333333,0.009125,0.001,0.001,0,0,0,0,0.0025,0.002625,0.208166666666667,0.212125,639.875,202.25,66.0125,215.7375,14.0157228647153,5443640.875,19.2862889540467,0,42.3116071428571,40.2753125,NA,NA,0,0,0,0,140.157228647153,140.157228647153,215.7375,66.0125,"Europe & Central Asia",0
"FJI","Fiji",2014,6.56199998855591,4.36250001192093,6.56199998855591,0,0,34.2123406141336,34.2123406141336,39.975,39.9375,4.22641261084059,4.22641261084059,4.22641261084059,2.7815,2.7815,2.36,2.36,0.6755,0.679375,0.059,0.0585,0,0,0,0,0.247833333333333,0.244375,0.008,0.008,0.00966666666666667,0.00975,27,9,60.7875,138.95,9.98575069828367,867360.25,5.01559715326504,NA,NA,NA,NA,NA,0,0,0,0,99.8575069828367,99.8575069828367,138.95,60.7875,"East Asia & Pacific",0
"FRA","France",2014,9.63499999046325,9.63625001907348,9.63499999046325,9,9,47.5720231397691,47.5720231397691,29.7875,29.7875,36.794215875,36.794215875,36.794215875,1.9775,1.9775,11.99625,11.99625,0.653666666666667,0.6525,0.0751666666666667,0.075375,0.00916666666666667,0.009625,0.00733333333333333,0.00725,0.001,0.001,0.0176666666666667,0.017,0.236,0.23725,7136.85714285714,2350.85714285714,63.1875,218.3,13.6627439347598,66059700.625,18.2178921974375,0.714285714285714,50.1722354497355,50.1634527817861,NA,NA,0,0.625,0,0,136.627439347598,136.627439347598,218.3,63.1875,"Europe & Central Asia",1
"GAB","Gabon",2014,20.3899993896484,20.2674996852875,20.3899993896484,3,3,40.2804565316518,40.2804565316518,40.95,40.95,17.3264640375,17.3264640375,17.3264640375,4.085,4.085,7.7775,7.7775,0.7875,0.788375,0.103166666666667,0.103375,0,0,0,0,0,0,0.0953333333333333,0.09425,0.014,0.014,NA,NA,45.1375,222.5125,12.7763228248812,1847463.75,3.79296848604996,NA,61.8090909090909,50.485,NA,NA,0,0.125,0,1,127.763228248812,127.763228248812,222.5125,45.1375,"Sub-Saharan Africa",1
"GBR","United Kingdom",2014,6.47250002622604,6.47374999523163,6.47250002622604,9,9,46.3381858544937,46.3381858544937,33.3,33.3,36.127787575,36.127787575,36.127787575,1.84,1.84,9.67125,9.67125,0.619666666666667,0.6145,0.0465,0.047625,0.00433333333333333,0.0045,0.004,0.004,0.0135,0.013625,0.04,0.0375,0.272,0.27825,6339.375,1817.75,32.9875,113.25,7.2598082156948,64405329,17.508203718507,0.714285714285714,54.5892857142857,51.2601373626374,NA,NA,0,0.625,0,0,72.598082156948,72.598082156948,113.25,32.9875,"Europe & Central Asia",1
"GEO","Georgia",2014,17.9237500429153,17.9237500429153,17.9237500429153,5,5,45.2048169293353,45.2048169293353,39.35,39.35,9.9923949875,9.9923949875,9.9923949875,2.00775,2.00775,7.14875,7.14875,0.848,0.84875,0.105,0.10475,0,0,0.001,0.001,0,0,0.00666666666666667,0.0065,0.0393333333333333,0.039,120,27.25,21.4375,124.7,6.89240190601233,3736234.625,14.3267719429262,NA,69.5215384615385,59.5957692307692,NA,NA,0,0.5,0,0.5,68.9240190601233,68.9240190601233,124.7,21.4375,"Europe & Central Asia",1
"GHA","Ghana",2014,4.62999999523163,5.76624995470047,4.62999999523163,9,9,46.7584234518406,46.7584234518406,43.6142857142857,43.625,3.619699425,3.619699425,3.619699425,4.111375,4.111375,1.7975,1.7975,0.595666666666667,0.59575,0.199,0.199,0,0,0,0,0,0,0.202333333333333,0.20225,0.003,0.003,NA,NA,20.5625,193.9375,9.91259383524725,26931064.25,2.95550176766422,0.571428571428571,63.2565873015873,57.7089285714286,NA,NA,0,0.5,0,0,99.1259383524725,99.1259383524725,193.9375,20.5625,"Sub-Saharan Africa",1
"GIN","Guinea",2014,NA,4.39874994754791,4.39874994754791,3,3,54.3248569130445,54.3248569130445,39.7,39.7,1.39990045,1.39990045,1.39990045,5.05475,5.05475,0.27875,0.27875,0.0893333333333333,0.09025,0.793333333333333,0.789,0.001,0.001,0,0,0,0,0.114333333333333,0.11775,0.002,0.002,NA,NA,67.025,160.3625,11.1921848540684,11068316.375,2.94378533007435,NA,74.1276923076923,73.3546153846154,NA,NA,0,0,0,NA,111.921848540684,111.921848540684,160.3625,67.025,"Sub-Saharan Africa",0
"GMB","Gambia",2014,9.42000007629395,9.33500003814697,9.42000007629395,3,3,43.6103915108061,43.6103915108061,43.2333333333333,43.125,1.7587671,1.7587671,1.7587671,5.447375,5.447375,2.91375,2.91375,0.0421666666666667,0.042375,0.884666666666667,0.8845,0,0,0,0,0,0,0.066,0.06575,0.00716666666666667,0.007375,NA,NA,57.575,140.125,9.68764259310388,1997875,2.65799139364456,NA,68.9090909090909,68.7740740740741,NA,NA,0,0,0,0,96.8764259310388,96.8764259310388,140.125,57.575,"Sub-Saharan Africa",0
"GNB","Guinea-Bissau",2014,NA,3.03124997019768,3.03124997019768,4,4,47.8551573795239,47.8551573795239,44.3,44.3,1.3935427125,1.3935427125,1.3935427125,4.811125,4.811125,3.02375,3.02375,0.1195,0.118875,0.446,0.44625,0,0,0,0,0,0,0.422333333333333,0.42275,0.0121666666666667,0.012125,NA,NA,72.4,218.4875,13.9632897965439,1672381,2.69792849739485,NA,48.14,65.9278571428571,NA,NA,0,NA,0,NA,139.632897965439,139.632897965439,218.4875,72.4,"Sub-Saharan Africa",NA
"GNQ","Equatorial Guinea",2014,NA,8.34375,8.34375,3,3,37.2218616675132,37.2218616675132,NA,NA,39.929590775,39.929590775,39.929590775,4.906125,4.906125,8.32875,8.32875,0.8815,0.881375,0.04,0.04,0,0,0,0,0.000333333333333333,0.00025,0.0276666666666667,0.02775,0.0505,0.050625,NA,NA,46.575,147.8,9.12484176491068,1100765,2.64962516959603,NA,55.6142857142857,65.1428571428571,NA,NA,0,NA,0,NA,91.2484176491068,91.2484176491068,147.8,46.575,"Sub-Saharan Africa",NA
"GRC","Greece",2014,22.3625000715256,22.3637501001358,22.3625000715256,9,9,43.3956597363328,43.3956597363328,32.8125,32.8125,23.249573375,23.249573375,23.249573375,1.35875,1.35875,7.0975,7.0975,0.873,0.8695,0.0328333333333333,0.033625,5e-04,0.000625,0,0,0.00133333333333333,0.0015,0.0558333333333333,0.057625,0.0365,0.037125,408.375,91.25,12.8,59.1625,3.5506430967122,10935051,20.2752929468408,1.71428571428571,55.9214285714286,51.7314285714286,NA,NA,0,0.875,0,0.375,35.506430967122,35.506430967122,59.1625,12.8,"Europe & Central Asia",1
"GRD","Grenada",2014,23.8666667938233,NA,23.8666667938233,NA,7,NA,NA,NA,NA,4.22939112714231,4.22939112714231,4.22939112714231,2.160375,2.160375,8.62375,8.62375,0.920166666666667,0.919375,0.001,0.001,0,0,0,0,0.007,0.007,0.0148333333333333,0.014875,0.057,0.05775,1.5,1,17.5625,78.775,4.83842721698989,108535.125,9.6648585821703,NA,NA,NA,NA,NA,0,0.125,0,1,48.3842721698989,48.3842721698989,78.775,17.5625,"Latin America & Caribbean",1
"GTM","Guatemala",2014,2.96000000834465,2.83499997854233,2.96000000834465,6,6,34.2158895414905,34.2158895414905,46.54,46.15,6.9209658875,6.9209658875,6.9209658875,3.130875,3.130875,1.78625,1.78625,0.8715,0.872125,0,0,0,0,0,0,0,0,0.013,0.013,0.1155,0.114875,332.75,125.125,23.725,97.925,5.78814528557102,15174496,4.44814837028049,0,70.8905,60.9765,NA,NA,0,0,0,0,57.8814528557102,57.8814528557102,97.925,23.725,"Latin America & Caribbean",0
"GUM","Guam",2014,9.29999998637608,8.82374995946884,9.29999998637608,NA,7,40.8529541636142,40.8529541636142,NA,NA,4.24849910001668,4.86619940682541,4.86619940682541,2.414625,2.414625,NA,NA,0.912333333333333,0.912,0,0,0.011,0.011,0,0,0,0,0.059,0.05925,0.0176666666666667,0.01775,NA,NA,66.2125,329.175,20.1017184370223,161205,8.36893329187033,NA,NA,NA,NA,NA,NA,NA,0,NA,201.017184370223,201.017184370223,329.175,66.2125,"East Asia & Pacific",NA
"GUY","Guyana",2014,NA,13.0337500572205,13.0337500572205,6,6,36.8700839724597,36.8700839724597,NA,NA,4.22596828191846,4.22596828191846,4.22596828191846,2.569875,2.569875,5.98125,5.98125,0.632166666666667,0.635625,0.0665,0.066125,0.002,0.002,0,0,0.242666666666667,0.24025,0.0263333333333333,0.0265,0.0303333333333333,0.0295,158,45.6,107.625,465.6375,28.1290067024998,761693.375,5.38992554024535,NA,65.8871428571429,71.6171428571429,NA,NA,0,0,0,NA,281.290067024998,281.290067024998,465.6375,107.625,"Latin America & Caribbean",1
"HND","Honduras",2014,5.43500000238418,5.43625003099442,5.43500000238418,3,3,35.4859386676283,35.4859386676283,48.8,48.8,4.6086488875,4.6086488875,4.6086488875,2.69225,2.69225,2.62,2.62,0.8925,0.895625,0.001,0.001,0.001,0.001,0,0,0,0,0.0855,0.082375,0.02,0.02,71.75,35.25,17.875,73.6625,4.45503432488953,8875708.25,4.22701035376031,0,67.8888888888889,61.1714285714286,NA,NA,0,0,0,0,44.5503432488953,44.5503432488953,73.6625,17.875,"Latin America & Caribbean",0
"HRV","Croatia",2014,14.5325002670288,14.5337501764298,14.5325002670288,6,6,45.9768761179059,45.9768761179059,29.425,29.425,19.831713875,19.831713875,19.831713875,1.4625,1.4625,10.56625,10.56625,0.913333333333333,0.91225,0.015,0.015,0,0,0,0,0,0,0.027,0.0285,0.0446666666666667,0.04425,539.5,176.25,51.15,199.7125,12.0139286266766,4230021.125,18.7459960808011,NA,61.1469230769231,55.4569230769231,NA,NA,0,0,0,0,120.139286266766,120.139286266766,199.7125,51.15,"Europe & Central Asia",1
"HTI","Haiti",2014,14.1000003814697,14.2262500524521,14.1000003814697,3,3,47.8623570878628,47.8623570878628,54.1333333333333,54.1333333333333,1.6931446,1.6931446,1.6931446,3.19725,3.19725,2.61875,2.61875,0.358833333333333,0.360875,0,0,0,0,0,0,0,0,0.614166666666667,0.612125,0.027,0.027,NA,NA,44.9375,135.95,8.78319747307127,10471016.375,4.61100665483539,NA,60.3494747474748,53.5065952380952,NA,NA,0,0.125,0,1,87.8319747307126,87.8319747307126,135.95,44.9375,"Latin America & Caribbean",1
"HUN","Hungary",2014,8.39875000715256,8.39999997615814,8.39875000715256,6,6,45.8883553754288,45.8883553754288,27.7,27.7,21.8920366125,21.8920366125,21.8920366125,1.39125,1.39125,10.98375,10.98375,0.531,0.5185,0.001,0.001,0,0,0.001,0.001,0,0,0.279833333333333,0.290125,0.187166666666667,0.189375,1576.5,492.375,67,272.475,16.1417614476137,9887084.875,17.1252502881684,2.14285714285714,44.914708994709,38.2307709750567,NA,NA,0,0.875,0,0,161.417614476137,161.417614476137,272.475,67,"Europe & Central Asia",1
"IDN","Indonesia",2014,4.53875011205673,4.53875011205673,4.53875011205673,6,6,38.1591619069427,38.1591619069427,46.35,46.35,9.8841233125,9.8841233125,9.8841233125,2.418125,2.418125,0.0825,0.0825,0.101,0.1015,0.791833333333333,0.791875,0.007,0.007,0,0,0.0165,0.016375,0.0696666666666667,0.06925,0.014,0.014,NA,NA,16.225,49.225,3.25641911129126,253365201,5.27307465415127,0.142857142857143,71.1612637362637,62.848880952381,NA,NA,0,0.125,0,0,32.5641911129126,32.5641911129126,49.225,16.225,"East Asia & Pacific",0
"IND","India",2014,2.56500005722046,5.58875000476837,2.56500005722046,6,6,21.2133920382724,21.2133920382724,49.45,49.5125,5.4029823625,5.4029823625,5.4029823625,2.3805,2.3805,2.9575,2.9575,0.024,0.024,0.139666666666667,0.14,0.008,0.008,0,0,0.782666666666667,0.78225,0.0326666666666667,0.03275,0.013,0.013,NA,NA,138.7875,191.4,16.4600819160226,1287515478.625,5.46937550108431,0.142857142857143,71.1208214285714,66.2303928571429,NA,NA,0,0.125,0,0,164.600819160226,164.600819160226,191.4,138.7875,"South Asia",0
"IRL","Ireland",2014,11.9887498617172,11.9899998903274,11.9887498617172,9,9,45.2711901754693,45.2711901754693,30.2375,30.2375,52.343760975,52.343760975,52.343760975,1.91375,1.91375,10.9975,10.9975,0.8895,0.886875,0.0116666666666667,0.012,0.002,0.002,0,0,0.00266666666666667,0.00275,0.029,0.02925,0.0651666666666667,0.067125,402.5,94.1666666666667,36.575,155.7875,9.54787814786325,4660751,12.2321536766997,1,51.0772222222222,48.0735185185185,NA,NA,0,0.875,0,0,95.4787814786325,95.4787814786325,155.7875,36.575,"Europe & Central Asia",1
"IRN","Iran",2014,11.9437499046326,11.9000000953674,11.9437499046326,3,3,17.6783930580158,17.6783930580158,38.025,38.025,16.99801695,16.99801695,16.99801695,1.973,1.973,0.02,0.02,0.0025,0.002375,0.988,0.988,0,0,0,0,0,0,0.0065,0.006625,0.003,0.003,1764,793.25,35.5375,80.6125,5.82668393308609,77076901.875,5.58435611122623,NA,68.0958333333333,63.935,NA,NA,0,0,0,0,58.2668393308609,58.2668393308609,80.6125,35.5375,"Middle East & North Africa",1
"IRQ","Iraq",2014,10.5975000858307,9.86000007390976,10.5975000858307,4,4,14.8322209815916,14.8322209815916,32.34,32.34,12.563574075,12.563574075,12.563574075,4.091125,4.091125,0.17,0.17,0.0133333333333333,0.01275,0.978,0.97875,0,0,0,0,0,0,0.00166666666666667,0.0015,0.007,0.007,3.5,3,29.8625,65.4125,4.82427180257138,33707745.25,3.20104917305158,NA,64.719,64.5529285714286,NA,NA,0.625,0.25,0.625,0.5,48.2427180257138,48.2427180257138,65.4125,29.8625,"Middle East & North Africa",1
"ISL","Iceland",2014,5.07125005125999,5.07125005125999,5.07125005125999,NA,9,47.2794116501677,47.2794116501677,25.2714285714286,25.225,38.9517402375,38.9517402375,38.9517402375,1.92125,1.92125,7.14625,7.14625,0.8675,0.863125,0.00233333333333333,0.0025,0.00416666666666667,0.004375,0,0,0.003,0.003,0.0733333333333333,0.076,0.0496666666666667,0.051,31.125,8.5,33.0875,163.575,9.73733283250289,327321.875,13.163147107923,1.71428571428571,53.6113736263736,51.4575068681319,NA,NA,0,0.875,0,0,97.3733283250289,97.3733283250289,163.575,33.0875,"Europe & Central Asia",1
"ISR","Israel",2014,6.10624992847443,6.10624992847443,6.10624992847443,7,7,46.8219551986444,46.8219551986444,36.025,36.025,30.424953,30.424953,30.424953,3.06,3.06,2.78875,2.78875,0.026,0.02575,0.4185,0.421875,0.003,0.003,0.4975,0.494125,0,0,0.00383333333333333,0.003875,0.0511666666666667,0.051375,318.125,82.75,23.625,101,6.11841207800268,8151812.5,10.991757952415,NA,59.0740816326531,52.6058163265306,NA,NA,0,0,0,0,61.1841207800268,61.1841207800268,101,23.625,"Middle East & North Africa",0
"ITA","Italy",2014,10.8749997615814,10.8762497901917,10.8749997615814,8,8,42.0398146345468,42.0398146345468,33.45,33.45,33.8090344125,33.8090344125,33.8090344125,1.3875,1.3875,7.21,7.21,0.805,0.80475,0.026,0.02625,0,0,0,0,0.001,0.001,0.00316666666666667,0.003125,0.164833333333333,0.164875,3188.125,891.875,21.8875,84.675,5.18846540971039,60139307.5,21.458824850554,1.42857142857143,53.1956514913658,50.4736263736264,NA,NA,0,0.625,0,0,51.8846540971039,51.8846540971039,84.675,21.8875,"Europe & Central Asia",1
"JAM","Jamaica",2014,13.289999961853,13.289999961853,13.289999961853,6,6,45.2371041450041,45.2371041450041,41.1714285714286,41.1375,7.060638725,7.060638725,7.060638725,2.06975,2.06975,3.41,3.41,0.673333333333333,0.67325,0.001,0.001,0,0,0,0,0.006,0.006,0.106166666666667,0.106125,0.2135,0.213625,13.5,6,11.0125,58.4,3.41828772256201,2866309.75,8.43659941947534,NA,NA,36.2185714285714,NA,NA,0,0,0,0,34.1828772256201,34.1828772256201,58.4,11.0125,"Latin America & Caribbean",1
"JOR","Jordan",2014,13.5749998092651,13.2799998521805,13.5749998092651,0,0,17.7785789058797,17.7785789058797,36.52,36.5125,11.536558025,11.536558025,11.536558025,3.249625,3.249625,0.3675,0.3675,0.0235,0.022875,0.943333333333333,0.944,0,0,0,0,0,0,0.004,0.004,0.0291666666666667,0.029125,15.5,3.75,14.1,49.5625,3.30789294878779,8631653.25,3.70799474800126,NA,73.6069230769231,61.0284615384615,NA,NA,0,0,0,0,33.0789294878779,33.0789294878779,49.5625,14.1,"Middle East & North Africa",1
"JPN","Japan",2014,3.85249999165535,3.85249999165535,3.85249999165535,9,9,42.4743684852006,42.4743684852006,31.9,31.9,36.4215330375,36.4215330375,36.4215330375,1.42,1.42,6.83875,6.83875,0.012,0.012,0.002,0.002,0.563166666666667,0.563125,0,0,0,0,0.292833333333333,0.292875,0.13,0.13,17458.875,7552.125,94.0875,242.95,16.7497345862864,127396788.5,24.9037744775371,0.571428571428571,58.7265384615385,56.3438461538462,NA,NA,0,0.5,0,0,167.497345862864,167.497345862864,242.95,94.0875,"East Asia & Pacific",1
"KAZ","Kazakhstan",2014,5.18749994039536,5.18749994039536,5.18749994039536,3,3,48.6317190995133,48.6317190995133,26.15,26.15,22.8220551375,22.8220551375,22.8220551375,2.6725,2.6725,3.60625,3.60625,0.232833333333333,0.227375,0.737666666666667,0.744,0.001,0.001,0,0,0,0,0.0045,0.004375,0.024,0.02325,2477,566.5,90.4125,444.1375,25.473303435108,17171204.25,6.84838474764145,NA,67.0377777777778,61.9164285714286,NA,NA,0,0,0,0,254.73303435108,254.73303435108,444.1375,90.4125,"Europe & Central Asia",0
"KEN","Kenya",2014,2.75999999046326,2.81499993801117,2.75999999046326,3,3,48.2981394468285,48.2981394468285,46.4,46.375,2.914676,2.914676,2.914676,3.95225,3.95225,1.54375,1.54375,0.82,0.81825,0.1295,0.133875,0,0,0,0,0.001,0.001,0.0485,0.045875,0.001,0.001,NA,NA,44.225,201.0375,11.6373336224768,46115463.5,2.057773062073,0,60.1,63.0285714285714,NA,NA,0,0,0,0,116.373336224768,116.373336224768,201.0375,44.225,"Sub-Saharan Africa",0
"KGZ","Kyrgyzstan",2014,7.95500004291534,7.95500004291534,7.95500004291534,3,3,40.9017989681339,40.9017989681339,33.15,33.15,4.5081955375,4.5081955375,4.5081955375,3.125,3.125,5.33625,5.33625,0.0723333333333333,0.0715,0.824166666666667,0.826625,0.005,0.005,0,0,0,0,0.00633333333333333,0.00625,0.0921666666666667,0.090625,360.571428571429,102,45.0375,191.5125,11.4738810378518,5794925,4.37924225368712,NA,71.005,67.5507142857143,NA,NA,0,0,0,0,114.738810378518,114.738810378518,191.5125,45.0375,"Europe & Central Asia",0
"KHM","Cambodia",2014,0.626249993219971,0.529999995604157,0.626249993219971,3,3,49.1222653032138,49.1222653032138,36.2,36.2,2.8788852125,2.8788852125,2.8788852125,2.676875,2.676875,2.935,2.935,0.0261666666666667,0.026875,0.0183333333333333,0.01825,0.843333333333333,0.8425,0,0,0.002,0.002,0.0851666666666667,0.085375,0.025,0.025,NA,NA,24.8,73.3625,4.67675551232672,15154008.375,4.01573594880775,NA,74.4415,61.40675,NA,NA,0,0,0,0,46.7675551232672,46.7675551232672,73.3625,24.8,"East Asia & Pacific",0
"KIR","Kiribati",2014,19.9549999237061,NA,19.9549999237061,NA,5.5,NA,NA,NA,NA,4.22444398981953,4.22444398981953,4.22444398981953,3.738625,3.738625,0.46375,0.46375,0.970666666666667,0.9705,0,0,0,0,0,0,0,0,0.0228333333333333,0.022875,0.0065,0.006625,NA,NA,70.2375,486.75,26.9103910443475,108614.75,3.59488538693152,NA,72.13,62.23,NA,NA,0,0.125,0,0.5,269.103910443475,269.103910443475,486.75,70.2375,"East Asia & Pacific",1
"KOR","South Korea",2014,3.46875002980232,3.46875002980232,3.46875002980232,9,9,41.4331772423989,41.4331772423989,32.225,32.225,34.1374986875,34.1374986875,34.1374986875,1.20275,1.20275,8.86,8.86,0.338666666666667,0.34075,0.00166666666666667,0.00175,0.225166666666667,0.224875,0,0,0,0,0.4175,0.415375,0.017,0.01725,9792.75,4328.625,144.6625,358,24.2332618740747,50557602,12.2173637372601,0,60.8573076923077,53.1173076923077,NA,NA,0,0,0,0,242.332618740747,242.332618740747,358,144.6625,"East Asia & Pacific",0
"KWT","Kuwait",2014,2.27000007033348,2.28250001370907,2.27000007033348,1,1,26.8799647611306,26.8799647611306,NA,NA,72.616305625,72.616305625,72.616305625,2.12525,2.12525,0.01,0.01,0.087,0.08725,0.860666666666667,0.8605,0,0,0,0,0.0365,0.036875,0.00866666666666667,0.008,0.00716666666666667,0.007375,42.25,16,11.2125,36.75,2.59935979947756,3571834.875,2.10382492019752,NA,69.5581818181818,59.2972727272727,NA,NA,0,0,0,0,25.9935979947756,25.9935979947756,36.75,11.2125,"Middle East & North Africa",0
"LAO","Laos",2014,5.05999991297722,0.693749986588955,5.05999991297722,0,0,49.5184405287641,49.5184405287641,36.05,36.05,5.1226608125,5.1226608125,5.1226608125,2.89825,2.89825,6.61,6.61,0.0305,0.030875,0.001,0.001,0.523833333333333,0.524375,0,0,0.001,0.001,0.434333333333333,0.434,0.00933333333333333,0.00875,NA,NA,44.525,136.95,9.00385558125877,6595295.875,3.79942049724921,NA,72.9945787545788,72.9356043956044,NA,NA,0,0,0,0,90.0385558125877,90.0385558125877,136.95,44.525,"East Asia & Pacific",0
"LBN","Lebanon",2014,NA,6.33749997615814,6.33749997615814,4,4,24.10812598424,24.10812598424,36.7,36.7,14.4305185875,14.4305185875,14.4305185875,2.05875,2.05875,1.32625,1.32625,0.340166666666667,0.336375,0.5935,0.597125,0.021,0.021,0,0,0.002,0.002,0.00416666666666667,0.004875,0.0391666666666667,0.038625,7,7,22.9,74.6,4.82366252485622,5990842.625,6.37468440165368,NA,NA,NA,NA,NA,0,0,0,NA,48.2366252485621,48.2366252485621,74.6,22.9,"Middle East & North Africa",0
"LBR","Liberia",2014,5.80600004196167,2.40000000596046,5.80600004196167,6,6,47.0547316478087,47.0547316478087,37.2142857142857,37.2142857142857,0.8542307125,0.8542307125,0.8542307125,4.67,4.67,3.61875,3.61875,0.409,0.41,0.119333333333333,0.119,0,0,0,0,0,0,0.456666666666667,0.456,0.015,0.015,NA,NA,114.4625,153.3375,13.4127810520818,4301692.875,3.24510787044968,NA,67.455,57.36,NA,NA,0,0.125,0,0.2,134.127810520818,134.127810520818,153.3375,114.4625,"Sub-Saharan Africa",0
"LBY","Libya",2014,19.0300006866455,18.9150004386902,19.0300006866455,0,0,34.0918432466891,34.0918432466891,NA,NA,15.5620734375,15.5620734375,15.5620734375,2.3945,2.3945,0.01125,0.01125,0.0238333333333333,0.023875,0.966,0.966,0.003,0.003,0,0,0.001,0.001,0.00416666666666667,0.004125,0.002,0.002,3.5,2,38.7875,122.9375,8.22518758046083,6363056.375,4.23161357057896,NA,NA,NA,NA,NA,0.625,0,0.625,0,82.2518758046083,82.2518758046083,122.9375,38.7875,"Middle East & North Africa",1
"LCA","St. Lucia",2014,19.7474999427796,19.7912499904633,19.7474999427796,NA,7,46.4613758816461,46.4613758816461,46.1,46.1,10.1638292125,10.1638292125,10.1638292125,1.491375,1.491375,10.025,10.025,0.828333333333333,0.82475,0.001,0.001,0,0,0,0,0.00266666666666667,0.00275,0.108666666666667,0.111,0.0593333333333333,0.0605,8.66666666666667,1.5,14.35,118.25,6.51348654158091,177773.625,9.02172899457513,NA,NA,59.04,NA,NA,0,0.375,0,0.75,65.1348654158091,65.1348654158091,118.25,14.35,"Latin America & Caribbean",1
"LKA","Sri Lanka",2014,4.25249999761581,4.25249999761581,4.25249999761581,3,3,33.5630995863243,33.5630995863243,48.1714285714286,48.1875,10.0644790125,10.0644790125,10.0644790125,2.22225,2.22225,2.66,2.66,0.075,0.07525,0.099,0.09975,0.686,0.682,0,0,0.133333333333333,0.13625,0.00166666666666667,0.00175,0.005,0.005,2493.8,726,77.8125,352.075,20.425251480052,20758175.875,8.78052640666472,0,68.12,64.7432142857143,NA,NA,0,0,0,0,204.25251480052,204.25251480052,352.075,77.8125,"South Asia",0
"LSO","Lesotho",2014,24.5799999237061,25.0037496089935,24.5799999237061,6,6,45.5762120302006,45.5762120302006,49.8875,49.8875,2.56456695,2.56456695,2.56456695,3.24,3.24,2.67,2.67,0.898666666666667,0.8995,0,0,0,0,0,0,0.001,0.001,0.0983333333333333,0.0975,0.002,0.002,NA,NA,228.625,446.25,33.9792170347643,2038968.5,4.77989248678134,NA,59.7136414141414,49.3301111111111,NA,NA,0,0.125,0,1,339.792170347643,339.792170347643,446.25,228.625,"Sub-Saharan Africa",1
"LTU","Lithuania",2014,11.6349999904633,11.6362500190735,11.6349999904633,9,9,50.4229431022676,50.4229431022676,35,35,22.565620825,22.565620825,22.565620825,1.61125,1.61125,14.005,14.005,0.836666666666667,0.83575,0.001,0.001,0,0,0.001,0.001,0,0,0.104833333333333,0.107875,0.0565,0.054375,759.375,171.75,85.45,551.425,30.275688022328,2950596.25,18.2701245829504,NA,52.3519690098261,43.4928571428571,NA,NA,0,0.125,0,0.125,302.75688022328,302.75688022328,551.425,85.45,"Europe & Central Asia",1
"LUX","Luxembourg",2014,5.57249999046326,5.57249999046326,5.57249999046326,9,9,44.4792627274829,44.4792627274829,28.7625,28.7625,54.8687360875,54.8687360875,54.8687360875,1.505,1.505,11.4575,11.4575,0.694166666666667,0.691125,0.019,0.019,0,0,0.001,0.001,0,0,0.0123333333333333,0.012,0.2735,0.276875,38.75,14.625,49.9625,132.575,8.97001940723228,550484.875,13.9919119789274,NA,55.1941758241758,51.1172802197802,NA,NA,0,0,0,0,89.7001940723228,89.7001940723228,132.575,49.9625,"Europe & Central Asia",0
"LVA","Latvia",2014,12.7112499475479,12.7112499475479,12.7112499475479,9,9,49.8848357922216,49.8848357922216,35.2125,35.2125,20.3207530375,20.3207530375,20.3207530375,1.55375,1.55375,10.73375,10.73375,0.7035,0.712625,0.00216666666666667,0.002125,0,0,0.0025,0.002375,0,0,0.0598333333333333,0.055875,0.232,0.227,327.625,71.25,48.175,329.525,17.7053407668889,2009665.5,19.0949612314353,NA,46.560910808768,37.7308994708995,NA,NA,0,0.125,0,0.125,177.053407668889,177.053407668889,329.525,48.175,"Europe & Central Asia",1
"MAR","Morocco",2014,9.23999990735735,9.2337498664856,9.23999990735735,0,0,25.4419493873534,25.4419493873534,41.26,41.2375,7.6506715625,7.6506715625,7.6506715625,2.538625,2.538625,0.43375,0.43375,0.001,0.001,0.996,0.996,0,0,0,0,0,0,0.002,0.002,0.001,0.001,74,31.8571428571429,82.7625,70.6875,7.68119480953474,33955796.25,6.32850242345055,0,67.7666666666667,58.4833333333333,NA,NA,0,0,0,0,76.8119480953474,76.8119480953474,70.6875,82.7625,"Middle East & North Africa",0
"MDA","Moldova",2014,5.16999989748001,5.08124992251396,5.16999989748001,6,6,48.8738013631273,48.8738013631273,34.175,34.175,5.479308475,5.479308475,5.479308475,1.26725,1.26725,7.5925,7.5925,0.987166666666667,0.988625,0.00433333333333333,0.00425,0,0,0.001,0.001,0,0,0.0075,0.006125,0,0,478.125,86.125,40.425,270.5,14.8127200433741,2836034.75,10.212552212469,NA,60.845989010989,61.1814285714286,NA,NA,0,0,0,0,148.127200433741,148.127200433741,270.5,40.425,"Europe & Central Asia",0
"MDG","Madagascar",2014,2.22333339850108,1.80625002831221,2.22333339850108,0,0,49.1369710482386,49.1369710482386,43.9,43.9,1.3608994875,1.3608994875,1.3608994875,4.348875,4.348875,0.87875,0.87875,0.5225,0.526375,0.021,0.021,0,0,0,0,0.001,0.001,0.451666666666667,0.44775,0.00383333333333333,0.003875,NA,NA,53.05,175.9,11.2470749766073,23311549.5,2.84254548203084,NA,NA,NA,NA,NA,0,0,0,0,112.470749766073,112.470749766073,175.9,53.05,"Sub-Saharan Africa",0
"MDV","Maldives",2014,5.66499996185303,7.00999993085861,5.66499996185303,NA,7,26.8674801006395,26.8674801006395,38.9857142857143,38.9857142857143,4.22915496957659,4.22915496957659,4.22915496957659,2.059,2.059,1.23375,1.23375,0.004,0.004,0.984333333333333,0.9845,0.00683333333333333,0.006875,0,0,0.00366666666666667,0.00375,5e-04,0.000375,0.001,0.001,2,2,15.3,49.125,3.43534901464711,427613,4.12393834852325,NA,69.6010227272727,65.2547727272727,NA,NA,0,0,0,0,34.3534901464711,34.3534901464711,49.125,15.3,"South Asia",0
"MEX","Mexico",2014,4.58374997973442,4.58374997973442,4.58374997973442,6,6,37.3587079404085,37.3587079404085,44.5125,44.5125,15.7024922875,15.7024922875,15.7024922875,2.25275,2.25275,4.05,4.05,0.925166666666667,0.926875,0.001,0.001,0,0,0.001,0.001,0,0,0.0228333333333333,0.020125,0.05,0.051,4748.75,1118.75,20.3625,100.65,5.88476760807804,119526729.75,6.54926774839926,0,63.045,52.8366071428571,NA,NA,0,0,0,0,58.8476760807804,58.8476760807804,100.65,20.3625,"Latin America & Caribbean",0
"MHL","Marshall Islands",2014,4.73999977111816,NA,4.73999977111816,NA,7,NA,NA,NA,NA,4.22561241415727,4.22561241415727,4.22561241415727,4.05,4.05,NA,NA,0.895,0.89525,0,0,0,0,0,0,0,0,0.0901666666666667,0.089875,0.0148333333333333,0.014875,NA,NA,125.7,335.2875,23.3075657497661,57120.375,NA,NA,NA,NA,NA,NA,0,0.125,0,0,233.075657497661,233.075657497661,335.2875,125.7,"East Asia & Pacific",0
"MKD","North Macedonia",2014,27.9524998664856,27.9524998664856,27.9524998664856,6,6,39.2560859090712,39.2560859090712,33.8875,33.8875,11.85631305,11.85631305,11.85631305,1.4935,1.4935,3.5925,3.5925,0.595333333333333,0.59375,0.3645,0.366375,0,0,0,0,0,0,0.000166666666666667,0.000125,0.04,0.03975,109.75,38.25,33.325,103.65,6.62558987460674,2076677.125,12.2757235320051,NA,NA,65.9614285714286,NA,NA,0,0.75,0,0.75,66.2558987460674,66.2558987460674,103.65,33.325,"Europe & Central Asia",1
"MLI","Mali",2014,6.31571424007416,7.1324999332428,6.31571424007416,6,6,43.0112827770816,43.0112827770816,NA,NA,1.52216935,1.52216935,1.52216935,6.266625,6.266625,0.59375,0.59375,0.0326666666666667,0.033,0.871166666666667,0.870875,0,0,0,0,0,0,0.0951666666666667,0.095125,0.001,0.001,NA,NA,31.9625,101.9125,6.7477532614587,16730516,2.60882640822598,NA,69.8255844155844,82.2269047619048,NA,NA,0.25,0.125,0.25,0.142857142857143,67.477532614587,67.477532614587,101.9125,31.9625,"Sub-Saharan Africa",1
"MLT","Malta",2014,5.66624999046326,5.66750001907349,5.66624999046326,NA,9,37.7230392072215,37.7230392072215,27.4375,27.4375,26.6729443625,26.6729443625,26.6729443625,1.37125,1.37125,7.29875,7.29875,0.939833333333333,0.939375,0.002,0.002,0,0,0,0,0,0,0.0408333333333333,0.041125,0.0173333333333333,0.0175,22.75,4.42857142857143,14.5625,76.15,4.46525555931298,434967.125,17.8152267784879,NA,58.0280291005291,55.362037037037,NA,NA,0,0,0,0,44.6525555931298,44.6525555931298,76.15,14.5625,"Middle East & North Africa",0
"MMR","Myanmar (Burma)",2014,1.16499996185303,0.927499994635582,1.16499996185303,0,0,41.5691338315608,41.5691338315608,34.1,34.1,4.596803075,4.596803075,4.596803075,2.244,2.244,1.3475,1.3475,0.0768333333333333,0.077375,0.038,0.038,0.747,0.747,0,0,0.017,0.017,0.116166666666667,0.115625,0.005,0.005,NA,NA,20,92.0375,5.35794906829335,52030865.25,5.08629787102969,0.285714285714286,65.8648214285714,54.4113214285714,NA,NA,0.375,0.25,0.375,0,53.5794906829336,53.5794906829336,92.0375,20,"East Asia & Pacific",1
"MNE","Montenegro",2014,18.5149998664856,18.5149998664856,18.5149998664856,4,4,44.4044384120753,44.4044384120753,38.4142857142857,38.4142857142857,16.467207775,16.467207775,16.467207775,1.732375,1.732375,9.05375,9.05375,0.764,0.766,0.1935,0.194625,0,0,0,0,0,0,0,0,0.0425,0.039375,NA,NA,53.0375,148.0375,9.85746244325385,621245,13.5553478901859,NA,54.6541208791209,55.4048351648352,NA,NA,0,0.375,0,0.375,98.5746244325385,98.5746244325385,148.0375,53.0375,"Europe & Central Asia",1
"MNG","Mongolia",2014,5.33875006437301,5.34000006318092,5.33875006437301,6,6,45.6406138098053,45.6406138098053,34.4625,34.4625,11.145110075,11.145110075,11.145110075,2.83175,2.83175,8.2575,8.2575,0.0236666666666667,0.02425,0.0295,0.029375,0.536333333333333,0.538,0,0,0,0,0.217333333333333,0.217,0.193166666666667,0.191375,387,63,54.75,278.1,16.2995632540244,2913179.25,3.86208196989061,NA,68.83125,62.92925,NA,NA,0,0,0,0,162.995632540244,162.995632540244,278.1,54.75,"East Asia & Pacific",0
"MOZ","Mozambique",2014,3.4300000667572,3.35500001907349,3.4300000667572,4,4,52.7018095985452,52.7018095985452,46.7666666666667,46.7666666666667,1.032523325,1.032523325,1.032523325,5.16125,5.16125,1.065,1.065,0.524333333333333,0.526,0.180666666666667,0.18075,0,0,0,0,0.002,0.002,0.289,0.28725,0.004,0.004,NA,NA,62.35,320.95,17.658683366678,25993693.5,2.95071367242338,NA,74.924066252588,57.7783809523809,NA,NA,0,0,0,0,176.58683366678,176.58683366678,320.95,62.35,"Sub-Saharan Africa",0
"MRT","Mauritania",2014,10.0999999046326,10.0774999856949,10.0999999046326,4,4,30.9139510890186,30.9139510890186,38.68,38.5,3.29252655,3.29252655,3.29252655,4.811375,4.811375,0.0025,0.0025,0.003,0.003,0.991,0.991,0,0,0,0,0,0,0.005,0.005,0.001,0.001,NA,NA,31.05,103.1,6.65830448949225,3880024.5,3.13115146488304,NA,59.9485714285714,59.5354761904762,NA,NA,0,0,0,0,66.5830448949226,66.5830448949226,103.1,31.05,"Sub-Saharan Africa",0
"MUS","Mauritius",2014,7.29124993085861,7.29124993085861,7.29124993085861,8,8,38.2292842618242,38.2292842618242,38.1875,38.1875,17.69198805,17.69198805,17.69198805,1.46625,1.46625,2.94375,2.94375,0.294833333333333,0.296625,0.173833333333333,0.174125,0.0015,0.001375,0,0,0.4835,0.482875,0.0263333333333333,0.02475,0.02,0.02025,85.125,22,34.95,138.075,8.56098599196651,1258620.5,9.21944544984485,0,60.4892857142857,51.2885714285714,NA,NA,0,0,0,0,85.6098599196651,85.6098599196651,138.075,34.95,"Sub-Saharan Africa",0
"MWI","Malawi",2014,17.3099999427795,5.87374991178513,17.3099999427795,5,5,48.5447477101872,48.5447477101872,45.7285714285714,45.725,1.1082948375,1.1082948375,1.1082948375,4.7755,4.7755,1.8875,1.8875,0.786,0.78725,0.1305,0.130625,0,0,0,0,0.002,0.002,0.0641666666666667,0.063875,0.0173333333333333,0.01625,NA,NA,39.6,232.5375,12.5710434101454,16080923.75,2.65229396967226,NA,71.741,67.5410238095238,NA,NA,0,0.125,0,0.5,125.710434101454,125.710434101454,232.5375,39.6,"Sub-Saharan Africa",1
"MYS","Malaysia",2014,3.19625002145767,3.15999999642372,3.19625002145767,3,3,36.9913525098252,36.9913525098252,40.5,40.4625,21.258426675,21.258426675,21.258426675,2.08325,2.08325,0.5575,0.5575,0.0926666666666667,0.09275,0.562,0.562,0.053,0.053,0,0,0.063,0.063,0.224333333333333,0.22425,0.005,0.005,22.4,6.6,38.575,109.45,7.48828452464214,29665421.75,5.65644113257231,0,65.4892857142857,57.6007142857143,NA,NA,0,0,0,0,74.8828452464214,74.8828452464214,109.45,38.575,"East Asia & Pacific",0
"NAM","Namibia",2014,19.9540004730225,20.1950001716614,19.9540004730225,7,7,48.7299047781052,48.7299047781052,66.2142857142857,66.2,8.822568175,8.822568175,8.822568175,3.56875,3.56875,3.37375,3.37375,0.913,0.913,0.004,0.00425,0,0,0,0,0,0,0.0625,0.061875,0.0205,0.020875,NA,NA,30.125,235.7875,12.4641864232103,2256605.875,3.87398371783555,NA,49.2154361628709,37.0012380952381,NA,NA,0,0.375,0,0.6,124.641864232103,124.641864232103,235.7875,30.125,"Sub-Saharan Africa",1
"NER","Niger",2014,2.69750000536442,0.792500004172325,2.69750000536442,0,0,43.0275947521219,43.0275947521219,38.04,37.95,0.8796910875,0.8796910875,0.8796910875,7.26175,7.26175,0.1275,0.1275,0.00333333333333333,0.00325,0.955333333333333,0.9555,0,0,0,0,0,0,0.0403333333333333,0.04025,0.001,0.001,NA,NA,42.85,109.8625,7.57923391335078,18938920.25,2.55399415345814,NA,73.8599378881988,80.7714285714286,NA,NA,0,0,0,0,75.7923391335078,75.7923391335078,109.8625,42.85,"Sub-Saharan Africa",0
"NGA","Nigeria",2014,5.29833336671193,4.91250002384186,5.29833336671193,3,3,45.2674899925808,45.2674899925808,43.1625,43.1625,5.301501075,5.301501075,5.301501075,5.667,5.667,8.975,8.975,0.482833333333333,0.484125,0.438166666666667,0.437125,0,0,0,0,0,0,0.076,0.07575,0.003,0.003,NA,NA,54.5375,98.025,7.58640544999632,174334844.25,2.74894881255676,1.71428571428571,68.95,71.2921428571429,NA,NA,0.625,1,0.625,0.833333333333333,75.8640544999632,75.8640544999632,98.025,54.5375,"Sub-Saharan Africa",1
"NIC","Nicaragua",2014,4.96285714421953,5.14874997735023,4.96285714421953,4,4,38.3426324660144,38.3426324660144,43.38,43.38,4.60236935,4.60236935,4.60236935,2.515,2.515,3.6075,3.6075,0.856666666666667,0.8625,0,0,0.001,0.001,0,0,0,0,0.0315,0.031375,0.110833333333333,0.105125,256.125,78.5,30.2625,103.525,6.52367444824975,6103360.75,4.7011657344805,0,NA,59.4142857142857,NA,NA,0,0,0,0,65.2367444824975,65.2367444824975,103.525,30.2625,"Latin America & Caribbean",0
"NLD","Netherlands",2014,6.02125000953674,6.02125000953674,6.02125000953674,9,9,45.9401298605378,45.9401298605378,26.4125,26.4125,44.678638075,44.678638075,44.678638075,1.7,1.7,8.63,8.63,0.426666666666667,0.42025,0.0618333333333333,0.062625,0.0128333333333333,0.013125,0.002,0.002,0.00683333333333333,0.006875,0,0,0.493666666666667,0.49925,1234,564.75,54.525,129.8875,9.1379014558467,16854300.375,17.1463710823703,1.42857142857143,47.5573721340388,45.4785008818342,NA,NA,0,0.625,0,0,91.379014558467,91.379014558467,129.8875,54.525,"Europe & Central Asia",1
"NOR","Norway",2014,3.7362499833107,3.73749998211861,3.7362499833107,9,9,47.2510070294636,47.2510070294636,25.225,25.225,81.780059875,81.780059875,81.780059875,1.7825,1.7825,6.18875,6.18875,0.876666666666667,0.874,0.0241666666666667,0.024625,0.004,0.00425,0,0,0.00133333333333333,0.0015,0.028,0.029,0.0658333333333333,0.066625,397.714285714286,169,54.7125,143.1875,9.90690039671845,5097232.75,15.8631798556053,0.428571428571429,43.1682653061224,40.9023469387755,NA,NA,0,0.375,0,0,99.0690039671845,99.0690039671845,143.1875,54.7125,"Europe & Central Asia",1
"NPL","Nepal",2014,7.22999978065489,2.61874996125698,7.22999978065489,5,5,53.3011321562251,53.3011321562251,38,38,2.3532877875,2.3532877875,2.3532877875,2.23325,2.23325,0.27,0.27,0.0155,0.016125,0.0446666666666667,0.045,0.0876666666666667,0.0865,0,0,0.812666666666667,0.81275,0.0365,0.036625,0.003,0.003,NA,NA,68.05,106.3625,8.60002121152667,27096578.625,5.3734544870558,NA,74.9258214285714,75.3116666666667,NA,NA,0,0,0,0,86.0002121152667,86.0002121152667,106.3625,68.05,"South Asia",0
"NZL","New Zealand",2014,5.78874987363815,5.78124988079071,5.78874987363815,9,9,47.1184825554821,47.1184825554821,32.375,32.375,33.189004675,33.189004675,33.189004675,1.995,1.995,9.1375,9.1375,0.462,0.4565,0.0106666666666667,0.01075,0.0138333333333333,0.013875,0.002,0.002,0.0205,0.020875,0.11,0.10925,0.381,0.38675,387.857142857143,139.428571428571,55.7375,174.525,11.3050409813942,4522175,14.1439687841137,0,NA,NA,NA,NA,0,0,0,0,113.050409813942,113.050409813942,174.525,55.7375,"East Asia & Pacific",0
"OMN","Oman",2014,3.26999998092651,3.34250000119209,3.26999998092651,0,0,14.1975538089851,14.1975538089851,37.1,37.1,41.2621120125,41.2621120125,41.2621120125,2.91125,2.91125,0.45,0.45,0.0393333333333333,0.0395,0.896333333333333,0.89975,0.008,0.008,0,0,0.0426666666666667,0.03925,0.0116666666666667,0.0115,0.002,0.002,9.5,3,12.475,42.925,3.15446390558451,3874392.25,2.42178220524659,NA,74.1076923076923,57.0215384615385,NA,NA,0,0,0,0,31.5446390558451,31.5446390558451,42.925,12.475,"Middle East & North Africa",0
"PAK","Pakistan",2014,1.96000000238419,2.40250001102686,1.96000000238419,5,5,21.1194704591253,21.1194704591253,34.45,34.4625,4.8231869125,4.8231869125,4.8231869125,3.7435,3.7435,0.0425,0.0425,0.0206666666666667,0.0205,0.930833333333333,0.929625,0.001,0.001,0,0,0.0213333333333333,0.0215,0.0251666666666667,0.026375,0.001,0.001,NA,NA,46.7625,45.7625,4.63192085384147,193445923.25,4.29139059756282,NA,NA,66.665,NA,NA,1,0.625,1,1,46.3192085384147,46.3192085384147,45.7625,46.7625,"South Asia",1
"PAN","Panama",2014,2.95500001311302,2.95625001192093,2.95500001311302,7,7,38.2087631419713,38.2087631419713,47.025,47.025,19.149389475,19.149389475,19.149389475,2.565625,2.565625,6.4675,6.4675,0.871833333333333,0.870125,0.007,0.007,0.008,0.008,0.002,0.002,0,0,0.038,0.03825,0.0731666666666667,0.074625,115.5,17.625,16,90.3625,5.30400537481796,3871110.25,7.31188133425551,0,61.3692307692308,57.9392307692308,NA,NA,0,0,0,0,53.0400537481796,53.0400537481796,90.3625,16,"Latin America & Caribbean",0
"PER","Peru",2014,3.47249999642372,3.15250000357628,3.47249999642372,6,6,45.9492173447203,45.9492173447203,45.75,45.75,10.9347881625,10.9347881625,10.9347881625,2.3905,2.3905,5.215,5.215,0.929166666666667,0.928125,0,0,0.00583333333333333,0.005875,0,0,0,0,0.051,0.052,0.014,0.014,267.75,125,17.125,51.4375,3.40308921239384,30063023.625,6.97308743447847,0,60.5309523809524,57.512925170068,NA,NA,0,0,0,0,34.0308921239384,34.0308921239384,51.4375,17.125,"Latin America & Caribbean",0
"PHL","Philippines",2014,3.26499995589256,3.26374995708466,3.26499995589256,5,5,39.1939992254993,39.1939992254993,41.1833333333333,41.1375,6.6452695125,6.6452695125,6.6452695125,2.924,2.924,4.70375,4.70375,0.9255,0.925125,0.057,0.05725,0.001,0.001,0,0,0,0,0.00733333333333333,0.00725,0.00916666666666667,0.009375,1744,480.666666666667,29.6125,87.175,5.82648345203498,99635569.75,4.48199344568809,0,64.6418315018315,59.5074464285714,NA,NA,0,0,0,0,58.2648345203498,58.2648345203498,87.175,29.6125,"East Asia & Pacific",0
"PNG","Papua New Guinea",2014,2.30999994277954,2.50374999642372,2.30999994277954,3,3,48.5568372309402,48.5568372309402,NA,NA,4.22488127751606,4.22488127751606,4.22488127751606,3.7905,3.7905,0.81125,0.81125,0.701333333333333,0.69775,0,0,0.002,0.002,0,0,0,0,0.249166666666667,0.252125,0.0475,0.048125,NA,NA,112.2375,358.525,23.8108458994099,7870797.875,3.29472825492312,NA,66.4735,65.0835,NA,NA,0,0,0,0,238.108458994099,238.108458994099,358.525,112.2375,"East Asia & Pacific",0
"POL","Poland",2014,8.40375000238419,8.40375000238419,8.40375000238419,9,9,44.8470041458857,44.8470041458857,30.2375,30.2375,23.1857320875,23.1857320875,23.1857320875,1.35875,1.35875,10.4,10.4,0.8865,0.884625,0.001,0.001,0,0,0,0,0,0,0.0665,0.067875,0.046,0.0465,4948,747.625,36.975,271.2875,15.0836715531674,38019058.625,15.0390588265377,0.571428571428571,58.5292857142857,51.2871428571429,NA,NA,0,0.5,0,0,150.836715531674,150.836715531674,271.2875,36.975,"Europe & Central Asia",1
"PRI","Puerto Rico",2014,13.6375000476837,13.6375000476837,13.6375000476837,NA,7,42.3206494248075,42.3206494248075,50.5571428571429,50.575,34.6249559625,34.6249559625,34.6249559625,1.4180625,1.4180625,NA,NA,0.915,0.91425,0,0,0,0,0.001,0.001,0.001,0.001,0.0518333333333333,0.052375,0.0311666666666667,0.031375,204.375,34.875,16.125,112.5375,6.1478538922674,3545985.75,15.2226162556301,NA,41.8327272727273,37.2281818181818,NA,NA,0,0,0,0,61.478538922674,61.478538922674,112.5375,16.125,"Latin America & Caribbean",1
"PRK","North Korea",2014,NA,2.85125002264977,2.85125002264977,0,0,47.3236787359946,47.3236787359946,NA,NA,1.753678725,1.753678725,1.753678725,1.926,1.926,3.33625,3.33625,0.002,0.002,0,0,0.015,0.015,0,0,0,0,0.264833333333333,0.267125,0.718166666666667,0.715875,NA,NA,74.9125,164.3875,11.2975450757182,24991449.875,9.40887475770698,NA,NA,NA,NA,NA,0,NA,0,NA,112.975450757182,112.975450757182,164.3875,74.9125,"East Asia & Pacific",NA
"PRT","Portugal",2014,12.678750038147,12.678750038147,12.678750038147,9,9,48.4849852224644,48.4849852224644,33.275,33.275,24.9841191625,24.9841191625,24.9841191625,1.31375,1.31375,10.335,10.335,0.888,0.887,0.00433333333333333,0.0045,0.006,0.006,0,0,0.001,0.001,0.0233333333333333,0.02325,0.0773333333333333,0.07825,820.75,259.875,34.225,142.9,8.42907306603396,10435961.125,20.1053548335624,0.714285714285714,53.6771428571429,47.5607142857143,NA,NA,0,0.625,0,0,84.2907306603396,84.2907306603396,142.9,34.225,"Europe & Central Asia",1
"PRY","Paraguay",2014,4.6450001001358,4.6487500667572,4.6450001001358,6,6,39.6628875511869,39.6628875511869,46.8875,46.8875,8.0789768125,8.0789768125,8.0789768125,2.574125,2.574125,5.9025,5.9025,0.955,0.955,0,0,0.002,0.002,0,0,0,0,0.022,0.022,0.021,0.021,239.75,86.125,30.7,87.3875,5.88232430173104,6555873.75,5.68578411553233,0,NA,61.6885714285714,NA,NA,0,0,0,0,58.8232430173104,58.8232430173104,87.3875,30.7,"Latin America & Caribbean",0
"PSE","Palestinian Territories",2014,21.4075002670288,21.408750295639,21.4075002670288,NA,NA,18.9116317907009,18.9116317907009,37.7285714285714,37.7285714285714,5.0066229875,5.0066229875,5.0066229875,4.105875,4.105875,NA,NA,0.0173333333333333,0.01675,0.809166666666667,0.810125,0,0,0.1155,0.114875,0,0,0.001,0.00125,0.057,0.057,5.42857142857143,2.16666666666667,16.9375,59.1375,3.84458205232164,4123904.5,2.93552805236848,NA,72.0527777777778,65.3683333333333,NA,NA,NA,NA,0,NA,38.4458205232164,38.4458205232164,59.1375,16.9375,"Middle East & North Africa",1
"QAT","Qatar",2014,0.303749999031424,0.303749999031424,0.303749999031424,0,0,12.7975548981599,12.7975548981599,40.2,40.2,152.5603517625,152.5603517625,152.5603517625,1.96725,1.96725,1.06875,1.06875,0.100333333333333,0.1015,0.7385,0.735875,0.019,0.019,0,0,0.0245,0.024625,0.0946666666666667,0.096,0.023,0.023,48.25,4.5,11.95,60.4625,4.82924901392015,2353606.5,0.923775138099486,NA,NA,NA,NA,NA,0,0,0,-0.625,48.2924901392015,48.2924901392015,60.4625,11.95,"Middle East & North Africa",0
"ROU","Romania",2014,6.55874997377396,6.55874997377396,6.55874997377396,6,6,43.5893912913418,43.5893912913418,33.1625,33.1625,17.9349609625,17.9349609625,17.9349609625,1.5775,1.5775,9.6925,9.6925,0.922,0.9175,0.003,0.003,0,0,0,0,0,0,0.073,0.0775,0.002,0.002,1957.625,360.75,27.7125,169.2625,9.66748659736512,19931284.875,16.5941493898553,0,58.6801785714286,51.7351785714286,NA,NA,0,0,0,0,96.6748659736512,96.6748659736512,169.2625,27.7125,"Europe & Central Asia",0
"RUS","Russia",2014,5.78874999284744,5.78874999284744,5.78874999284744,3,3,48.6125581325853,48.6125581325853,34.25,34.25,23.59725225,23.59725225,23.59725225,1.682,1.682,9.49375,9.49375,0.4665,0.470375,0.105166666666667,0.105375,0.005,0.005,0.001,0.001,0,0,0.305333333333333,0.31,0.117,0.10825,NA,NA,87.575,498.6,27.8113361445382,143659345.5,13.4546641108958,0.857142857142857,66.2692857142857,52.8464285714286,NA,NA,0,0.625,0,0,278.113361445382,278.113361445382,498.6,87.575,"Europe & Central Asia",1
"RWA","Rwanda",2014,9.26500028371813,1.12124998867512,9.26500028371813,3,3,51.4593630947972,51.4593630947972,50.8714285714286,50.8375,1.604434425,1.604434425,1.604434425,4.25875,4.25875,7.13875,7.13875,0.9075,0.905625,0.0473333333333333,0.04725,0,0,0,0,0,0,0.0431666666666667,0.045125,0.002,0.002,NA,NA,53.7875,199.775,11.4640197844325,10974543.875,2.66546333179518,NA,69.4399675324675,50.144619047619,NA,NA,0,0,0,0,114.640197844325,114.640197844325,199.775,53.7875,"Sub-Saharan Africa",0
"SAU","Saudi Arabia",2014,5.65750002861023,5.65750002861023,5.65750002861023,0,0,15.7749615091837,15.7749615091837,51.2,51.2,49.3565738125,49.3565738125,49.3565738125,2.6495,2.6495,0.08375,0.08375,0.044,0.044,0.918666666666667,0.91825,0.00333333333333333,0.0035,0,0,0.0215,0.021875,0.0055,0.005375,0.007,0.007,59,17,8.775,44.6,2.97755241407226,30384153.875,3.01206311024088,NA,72.3547552447552,61.9510489510489,NA,NA,0,0,0,0,29.7755241407226,29.7755241407226,44.6,8.775,"Middle East & North Africa",0
"SDN","Sudan",2014,17.4400005340576,17.0487504005432,17.4400005340576,3,3,29.4457473042611,29.4457473042611,40.52,40.475,3.5539317875,3.5539317875,3.5539317875,4.679625,4.679625,0.0842857142857143,0.0842857142857143,0.0788333333333333,0.071875,0.864666666666667,0.87475,0,0,0,0,0,0,0.041,0.0375,0.0155,0.015875,NA,NA,27.25,75.825,5.17289381022734,37587808.5,3.39378087857236,NA,68.535,64.8721428571429,NA,NA,0.875,0,0.875,1,51.7289381022734,51.7289381022734,75.825,27.25,"Sub-Saharan Africa",1
"SEN","Senegal",2014,6.2874999642372,8.29124999046325,6.2874999642372,6,6,39.1223772979674,39.1223772979674,41.5,41.5,2.260000075,2.260000075,2.260000075,4.910125,4.910125,0.275,0.275,0.0545,0.054625,0.904,0.903,0,0,0,0,0,0,0.0395,0.040375,0.002,0.002,NA,NA,51.275,211.25,12.8353409367638,14007808.375,3.09744200347646,NA,65.2164994998292,64.9898644003056,NA,NA,0,0,0,0,128.353409367638,128.353409367638,211.25,51.275,"Sub-Saharan Africa",0
"SGP","Singapore",2014,3.92499995231628,3.92499995231628,3.92499995231628,3,3,41.0966313158666,41.0966313158666,38.8,38.8,64.00947065,64.00947065,64.00947065,1.21,1.21,1.85375,1.85375,0.1925,0.194875,0.146833333333333,0.146625,0.3095,0.303625,0,0,0.0535,0.054125,0.1225,0.124125,0.175166666666667,0.176625,220,115,52.0625,110.6375,7.99506156642302,5399535.125,8.6838286827546,0,63.5253846153846,54.8769230769231,NA,NA,0,0,0,0,79.9506156642302,79.9506156642302,110.6375,52.0625,"East Asia & Pacific",0
"SLB","Solomon Islands",2014,0.689999997615814,0.902499996125699,0.689999997615814,5,5,48.7544954501024,48.7544954501024,42.975,42.975,4.22430304827887,4.22430304827887,4.22430304827887,4.435875,4.435875,1.07,1.07,0.975666666666667,0.9755,0.00333333333333333,0.0035,0.003,0.003,0,0,0,0,0.015,0.015,0.003,0.003,1,NA,91.9375,243.2125,16.8209279041538,580306.625,3.47067889206312,NA,64.5857142857143,70.8428571428571,NA,NA,0,0,0,0,168.209279041538,168.209279041538,243.2125,91.9375,"East Asia & Pacific",0
"SLE","Sierra Leone",2014,4.67999982833862,4.4862499833107,4.67999982833862,6,6,49.5053264847953,49.5053264847953,40.3625,40.3625,1.6704249875,1.6704249875,1.6704249875,4.753375,4.753375,3.48375,3.48375,0.127166666666667,0.127625,0.7155,0.715625,0,0,0,0,0.000166666666666667,0.000125,0.156166666666667,0.155625,0.001,0.001,NA,NA,68.25,134.8125,10.098810126844,6945220.25,3.023092773041,NA,64.1456926406926,62.0485714285714,NA,NA,0,0,0,0,100.98810126844,100.98810126844,134.8125,68.25,"Sub-Saharan Africa",0
"SLV","El Salvador",2014,4.21000000834465,4.21000000834465,4.21000000834465,6,6,42.0254808872548,42.0254808872548,39.3375,39.3375,7.910143275,7.910143275,7.910143275,2.149375,2.149375,2.47375,2.47375,0.839333333333333,0.83625,0,0,0,0,0,0,0,0,0.012,0.01175,0.148666666666667,0.152,333,104,36.5125,169,9.5189277928564,6282869.125,7.56002697708282,0,NA,56.3585714285714,NA,NA,0,0,0,0,95.189277928564,95.189277928564,169,36.5125,"Latin America & Caribbean",0
"SOM","Somalia",2014,NA,13.2912501096725,13.2912501096725,0,0,22.5438458842958,22.5438458842958,NA,NA,109.5,109.5,109.5,6.514375,6.514375,0.0025,0.0025,0,0,0.998,0.998,0,0,0,0,0.001,0.001,0.001,0.001,0,0,NA,NA,54.875,152.05,10.1813131327828,13274363.75,2.77068705169897,NA,NA,NA,NA,NA,0.5,NA,0.5,NA,101.813131327828,101.813131327828,152.05,54.875,"Sub-Saharan Africa",1
"SRB","Serbia",2014,19.2449996471405,19.2449996471405,19.2449996471405,6,6,43.7390096685632,43.7390096685632,33.7875,33.7875,12.7022787,12.7022787,12.7022787,1.44375,1.44375,7.7575,7.7575,0.934333333333333,0.93675,0.0285,0.027375,0,0,0,0,0,0,0.003,0.0025,0.0341666666666667,0.033375,846.125,288,62.7875,218.425,13.6246896772347,7149235.375,16.2294126664635,NA,38.0575641025641,57.4523809523809,NA,NA,0,0.5,0,0.5,136.246896772347,136.246896772347,218.425,62.7875,"Europe & Central Asia",1
"SSD","South Sudan",2014,NA,12.4874999523163,12.4874999523163,1.5,1.5,48.8998095864973,48.8998095864973,NA,NA,NA,NA,NA,5.0695,5.0695,NA,NA,0.576,0.57675,0.0451666666666667,0.044875,0,0,0,0,0,0,0.373833333333333,0.373375,0.005,0.005,NA,NA,45.8,187.425,12.1346205274996,10352694.625,3.39264441226196,NA,70.0278571428571,70.3738095238095,NA,NA,0.625,0,0.625,NA,121.346205274996,121.346205274996,187.425,45.8,"Sub-Saharan Africa",1
"STP","São Tomé & Príncipe",2014,13.5900001525879,13.6950002908707,13.5900001525879,NA,7,35.6843717265985,35.6843717265985,36.4,36.4,3.3959192375,3.3959192375,3.3959192375,4.5515,4.5515,5.06375,5.06375,0.827333333333333,0.82625,0,0,0,0,0,0,0,0,0.160333333333333,0.16125,0.0123333333333333,0.0125,NA,NA,20.1,51.1625,3.52411395133725,193857.625,2.92722767800425,NA,NA,60.4514285714286,NA,NA,0,0,0,0,35.2411395133725,35.2411395133725,51.1625,20.1,"Sub-Saharan Africa",1
"SUR","Suriname",2014,7.35285718100412,7.22500002384186,7.35285718100412,7,7,38.3364431946572,38.3364431946572,47.6,47.6,4.22998483812794,4.22998483812794,4.22998483812794,2.52875,2.52875,5.19125,5.19125,0.470666666666667,0.467,0.139,0.13925,0.006,0.006,0,0,0.224333333333333,0.226,0.083,0.08225,0.077,0.0795,96.6,35.6,109.3875,406.2625,25.3306930018533,550080.375,6.48237725032288,NA,38.2046153846154,44.5606043956044,NA,NA,0,0,0,0,253.306930018533,253.306930018533,406.2625,109.3875,"Latin America & Caribbean",0
"SVK","Slovakia",2014,12.3300000429153,12.3300000429153,12.3300000429153,8,8,44.9599782737934,44.9599782737934,24.4625,24.4625,23.76542,23.76542,23.76542,1.41625,1.41625,10.475,10.475,0.741166666666667,0.735875,0,0,0,0,0,0,0,0,0.123833333333333,0.128875,0.135,0.13525,510.5,82.5,29.925,184.925,10.3778920863858,5415408,13.5993821104205,NA,50.8043543956044,44.3676923076923,NA,NA,0,0,0,0,103.778920863858,103.778920863858,184.925,29.925,"Europe & Central Asia",1
"SVN","Slovenia",2014,8.44250005483627,8.44250005483627,8.44250005483627,9,9,45.9187420283301,45.9187420283301,25.1125,25.1125,26.157512525,26.157512525,26.157512525,1.57625,1.57625,10.5575,10.5575,0.817,0.8155,0.024,0.024,0.000833333333333333,0.000875,0,0,0,0,0.00283333333333333,0.003125,0.155333333333333,0.1565,335.125,80.75,52.15,255.8125,14.983750622904,2059434.875,17.6476837404989,NA,44.8876785714286,41.2846875,NA,NA,0,0,0,0,149.83750622904,149.83750622904,255.8125,52.15,"Europe & Central Asia",0
"SWE","Sweden",2014,7.69124990701675,7.69124990701675,7.69124990701675,9,9,47.4889061887616,47.4889061887616,25.975,25.975,43.0310622125,43.0310622125,43.0310622125,1.88,1.88,7.22,7.22,0.624666666666667,0.62225,0.041,0.04175,0.004,0.004,0.002,0.002,0.001,0.001,0.00566666666666667,0.00575,0.321666666666667,0.32325,821.25,340.25,67.2125,164.4125,11.5606618149154,9677896.375,19.185566390029,0.285714285714286,38.7235204081633,38.1236923658352,NA,NA,0,0.25,0,0,115.606618149154,115.606618149154,164.4125,67.2125,"Europe & Central Asia",1
"SWZ","Eswatini",2014,22.7199993133545,24.5287499427795,22.7199993133545,0,0,48.8433724358738,48.8433724358738,58.8285714285714,58.8625,7.7098800125,7.7098800125,7.7098800125,3.145125,3.145125,6.64875,6.64875,0.256166666666667,0.255875,0.007,0.007,0,0,0,0,0.002,0.002,0.7225,0.722625,0.0123333333333333,0.0125,NA,NA,85.6875,466.9125,26.1030437774235,1092599.75,3.86933419422658,NA,61.875,47.01,NA,NA,0,0,0,0,261.030437774235,261.030437774235,466.9125,85.6875,"Sub-Saharan Africa",1
"SYC","Seychelles",2014,3.95400004386902,NA,3.95400004386902,NA,7,NA,NA,42.875,42.875,23.8744831625,23.8744831625,23.8744831625,2.31,2.31,16.15,16.15,0.911666666666667,0.91175,0.00916666666666667,0.009125,0,0,0,0,0.019,0.019,0.0366666666666667,0.0365,0.0235,0.023625,NA,NA,23.525,130.9625,7.71508852101722,91345.125,7.38878974232619,NA,NA,NA,NA,NA,0,0,0,0,77.1508852101722,77.1508852101722,130.9625,23.525,"Sub-Saharan Africa",0
"SYR","Syria",2014,8.60999965667725,8.53249990940094,8.60999965667725,2,2,15.8839571018937,15.8839571018937,NA,NA,4.2962510125,4.2962510125,4.2962510125,3.080125,3.080125,0.31125,0.31125,0.0505,0.050125,0.928,0.92875,0,0,0,0,0,0,0.00166666666666667,0.0015,0.0198333333333333,0.019625,26,6,11.5,48.375,3.02702330014795,19213415.625,3.81744624927661,NA,NA,NA,NA,NA,0.875,0,0.875,0,30.2702330014795,30.2702330014795,48.375,11.5,"Middle East & North Africa",1
"TCD","Chad",2014,NA,1.78249999880791,1.78249999880791,3,3,45.2143466693207,45.2143466693207,42.95,42.95,1.997585075,1.997585075,1.997585075,6.213,6.213,0.7,0.7,0.349666666666667,0.35075,0.562666666666667,0.5635,0,0,0,0,0,0,0.0866666666666667,0.08475,0.001,0.001,NA,NA,77.9875,148.575,11.3503551071661,13458909,2.48585134915231,NA,73.179010989011,72.7783882783883,NA,NA,0,0,0,NA,113.503551071661,113.503551071661,148.575,77.9875,"Sub-Saharan Africa",0
"TGO","Togo",2014,3.3474999666214,2.44875001907349,3.3474999666214,3,3,47.6166269545623,47.6166269545623,43.95,43.95,1.311871125,1.311871125,1.311871125,4.622875,4.622875,1.23875,1.23875,0.474333333333333,0.4755,0.184166666666667,0.184375,0,0,0,0,0,0,0.339166666666667,0.337625,0.00233333333333333,0.0025,NA,NA,58.3875,212.85,12.6430217517135,7051966.5,2.78767306303951,NA,67.5745962732919,59.4717216117216,NA,NA,0,0,0,0,126.430217517135,126.430217517135,212.85,58.3875,"Sub-Saharan Africa",0
"THA","Thailand",2014,0.601250000298023,0.596249999478459,0.601250000298023,3,3,45.8343479977925,45.8343479977925,40.425,40.425,14.5748453125,14.5748453125,14.5748453125,1.53775,1.53775,6.79125,6.79125,0.013,0.01325,0.0503333333333333,0.0505,0.872,0.872,0,0,0.001,0.001,0.0456666666666667,0.04525,0.018,0.018,3157.75,866.875,43.0125,164.6875,10.237020403578,68253537.25,10.0849836935478,0,58.6914285714286,59.5753571428571,NA,NA,0,0,0,0,102.37020403578,102.37020403578,164.6875,43.0125,"East Asia & Pacific",0
"TJK","Tajikistan",2014,6.90000009536743,8.59750002622604,6.90000009536743,3,3,36.4310403302554,36.4310403302554,42.85,42.8875,3.557604,3.557604,3.557604,3.611625,3.611625,0.79125,0.79125,0.0118333333333333,0.011625,0.963333333333333,0.9645,0.001,0.001,0,0,0,0,0.00166666666666667,0.0015,0.0221666666666667,0.021375,154,82,29.9125,81.725,5.54847640500263,8176277,3.06846930962172,NA,78.9289316239316,68.3275,NA,NA,0,0,0,0,55.4847640500263,55.4847640500263,81.725,29.9125,"Europe & Central Asia",0
"TKM","Turkmenistan",2014,4,3.95750004053116,4,2,2,39.9371482921721,39.9371482921721,NA,NA,20.238095875,20.238095875,20.238095875,2.9035,2.9035,3.13125,3.13125,0.0133333333333333,0.013,0.950833333333333,0.951875,0,0,0,0,0,0,0.00133333333333333,0.00125,0.0345,0.033875,NA,NA,38.7875,136.1375,8.82081382296212,5418403.625,4.10848588356196,NA,NA,66.8657142857143,NA,NA,0,0,0,0,88.2081382296212,88.2081382296212,136.1375,38.7875,"Europe & Central Asia",0
"TLS","Timor-Leste",2014,6.31666652361553,4.06749999523163,6.31666652361553,6,6,45.6215521281122,45.6215521281122,33.36,33.36,4.22587522277812,4.22587522277812,4.22587522277812,4.38525,4.38525,0.43875,0.43875,0.855666666666667,0.85625,0.0376666666666667,0.03825,0.00133333333333333,0.00125,0,0,0,0,0.100666666666667,0.09975,0.00466666666666667,0.0045,NA,NA,41.2875,103.575,7.26568926719845,1165768.125,4.27739050558149,NA,67.0799336219336,63.2527784992785,NA,NA,0,0,0,0,72.6568926719845,72.6568926719845,103.575,41.2875,"East Asia & Pacific",0
"TON","Tonga",2014,NA,2.36499999463558,2.36499999463558,NA,5.5,40.4908398553292,40.4908398553292,38.1666666666667,38.2,4.22620581314122,4.22620581314122,4.22620581314122,3.748875,3.748875,0.50625,0.50625,0.9605,0.958625,0,0,0.001,0.001,0,0,0.001,0.001,0.0335,0.035375,0.004,0.004,NA,NA,39.9125,80.2875,6.0326863051265,102124.125,5.87056140636643,NA,65.8470512820513,61.032380952381,NA,NA,0,0,0,NA,60.326863051265,60.326863051265,80.2875,39.9125,"East Asia & Pacific",0
"TTO","Trinidad & Tobago",2014,3.14000007084438,3.16000005602836,3.14000007084438,9,9,42.1623758751243,42.1623758751243,NA,NA,30.050441975,30.050441975,30.050441975,1.77975,1.77975,5.99125,5.99125,0.634,0.634,0.0485,0.048125,0.003,0.003,0,0,0.175833333333333,0.173375,0.115666666666667,0.1185,0.023,0.023,118,31.6666666666667,36.075,167.2625,10.1722192384611,1357143.5,9.26747476642334,NA,43.495,39.025,NA,NA,0,0,0,0,101.722192384611,101.722192384611,167.2625,36.075,"Latin America & Caribbean",0
"TUN","Tunisia",2014,15.8557142530169,15.7562500238419,15.8557142530169,3,3,27.2573759969285,27.2573759969285,39.3833333333333,39.3125,10.89213405,10.89213405,10.89213405,2.21725,2.21725,1.415,1.415,0.002,0.002,0.995,0.995,0,0,0,0,0,0,0,0,0.003,0.003,9,2,16.4125,48.55,3.21749341687925,11019702,7.63384214625939,0,NA,52.3085714285714,NA,NA,0,0,0,0.285714285714286,32.1749341687925,32.1749341687925,48.55,16.4125,"Middle East & North Africa",1
"TUR","Turkey",2014,9.7649998664856,9.7649998664856,9.7649998664856,6,6,31.0705503755776,31.0705503755776,40.175,40.175,18.4274928875,18.4274928875,18.4274928875,2.11425,2.11425,1.4875,1.4875,0.003,0.003,0.982166666666667,0.982375,0.000833333333333333,0.000875,0,0,0,0,0.003,0.00275,0.011,0.011,1169.14285714286,393.428571428571,14.5375,51.1875,3.25448533947924,76629670.375,7.67502445980597,0.142857142857143,70.8236263736264,64.3136306471307,NA,NA,0,0.125,0,0,32.5448533947924,32.5448533947924,51.1875,14.5375,"Europe & Central Asia",0
"TWN","Taiwan",2014,NA,NA,4,NA,5.5,NA,NA,30.2375,30.2375,40.4921602625,40.4921602625,40.4921602625,NA,NA,NA,NA,0.0465,0.046375,0.004,0.004,0.2655,0.265625,0,0,0,0,0.64,0.64,0.044,0.044,NA,NA,90.95,191.125,14.0157827215536,NA,NA,0,NA,NA,NA,NA,0,0,0,NA,140.157827215536,140.157827215536,191.125,90.95,"East Asia & Pacific",0
"TZA","Tanzania",2014,2.83999999364217,2.61375001072884,2.83999999364217,5,5,48.5101547383466,48.5101547383466,44.4,44.4,2.42484175,2.42484175,2.42484175,5.185,5.185,6.81625,6.81625,0.549666666666667,0.55025,0.298,0.29775,0,0,0,0,0.009,0.009,0.139333333333333,0.139,0.004,0.004,NA,NA,38.9,141.0375,8.70103913643355,49338970.125,2.53013929539862,NA,66.6877674531351,62.3009954751131,NA,NA,0,0,0,0,87.0103913643355,87.0103913643355,141.0375,38.9,"Sub-Saharan Africa",0
"UGA","Uganda",2014,4.96666649977366,2.50124996900558,4.96666649977366,3,3,48.8153933051596,48.8153933051596,44.6571428571429,44.65,1.917023225,1.917023225,1.917023225,5.6145,5.6145,11.0325,11.0325,0.844333333333333,0.84475,0.118166666666667,0.118375,0,0,0,0,0.00866666666666667,0.00875,0.0248333333333333,0.024125,0.004,0.004,NA,NA,91.825,162.25,12.3682982225744,36513384,1.8854634774781,NA,70.7598382352941,56.3924848484848,NA,NA,0,0,0,0,123.682982225744,123.682982225744,162.25,91.825,"Sub-Saharan Africa",0
"UKR","Ukraine",2014,8.48875021934509,8.49000024795532,8.48875021934509,5,5,47.5169241666768,47.5169241666768,26.7875,26.7875,9.774823675,9.774823675,9.774823675,1.472875,1.472875,7.295,7.295,0.840333333333333,0.84275,0.0105,0.010625,0,0,0.00133333333333333,0.00125,0,0,0.0108333333333333,0.010375,0.137,0.135,NA,NA,62.8375,413.25,22.4555762651712,45365227.25,15.7435645590904,NA,NA,59.5542857142857,NA,NA,0.5,0.5,0.5,0.5,224.555762651712,224.555762651712,413.25,62.8375,"Europe & Central Asia",1
"URY","Uruguay",2014,7.01624995470047,7.01624995470047,7.01624995470047,9,9,44.9409753545352,44.9409753545352,37.175,37.175,18.4852206125,18.4852206125,18.4852206125,2.00025,2.00025,6.05,6.05,0.552,0.5505,0,0,0,0,0.005,0.005,0,0,0.0305,0.030875,0.4125,0.413625,488.142857142857,133.857142857143,68.175,284.7875,16.9004970210558,3396230.375,14.344024208216,0,56.8592857142857,52.8921428571429,NA,NA,0,0,0,0,169.004970210558,169.004970210558,284.7875,68.175,"Latin America & Caribbean",0
"USA","United States",2014,6.83749997615814,6.83875000476837,6.83749997615814,9,9,45.9847617270304,45.9847617270304,38.0875,38.0875,51.4345857125,51.4345857125,51.4345857125,1.8569375,1.8569375,8.765,8.765,0.6865,0.686375,0.0133333333333333,0.0135,0.013,0.013,0.018,0.018,0.00433333333333333,0.0045,0.112166666666667,0.110125,0.152666666666667,0.1545,32966.875,9375.625,55.975,192.85,12.2633638271887,317195783.25,14.1327675045122,0.142857142857143,52.4109090909091,49.3590909090909,NA,NA,0,0.125,0,0,122.633638271887,122.633638271887,192.85,55.975,"North America",0
"UZB","Uzbekistan",2014,5.1875,5.1875,5.1875,0,0,40.8339253533287,40.8339253533287,NA,NA,8.842340775,8.842340775,8.842340775,2.367875,2.367875,1.56875,1.56875,0.0135,0.013375,0.945666666666667,0.94725,0.00116666666666667,0.001375,0,0,0,0,0.00266666666666667,0.0025,0.037,0.0355,1334.28571428571,643.714285714286,50.75,143.1625,9.48796613582749,30526575,4.22812860173391,NA,NA,NA,NA,NA,0,0,0,0,94.8796613582749,94.8796613582749,143.1625,50.75,"Europe & Central Asia",0
"VCT","St. Vincent & Grenadines",2014,NA,19.2062497138977,19.2062497138977,NA,7,40.6990495109282,40.6990495109282,NA,NA,4.22836635247779,4.22836635247779,4.22836635247779,1.988125,1.988125,7.48,7.48,0.884333333333333,0.88725,0.001,0.001,0,0,0,0,0.001,0.001,0.0396666666666667,0.0375,0.074,0.07325,4,1.66666666666667,15.75,121.825,6.95464563068361,108865.375,8.85221246095339,NA,57.3076923076923,51.5361538461538,NA,NA,0,0,0,NA,69.5464563068361,69.5464563068361,121.825,15.75,"Latin America & Caribbean",1
"VEN","Venezuela",2014,6.42000007629395,7.22000002861023,6.42000007629395,3,3,39.5177183659852,39.5177183659852,37.9166666666667,37.8125,17.7558392875,17.7558392875,17.7558392875,2.37975,2.37975,5.9375,5.9375,0.926666666666667,0.9265,0.003,0.003,0.001,0.001,0,0,0,0,0.0263333333333333,0.026,0.043,0.0435,569.4,122,20.825,150.65,8.44636260143785,29479735,6.16053875026594,2,54.7642857142857,46.2571428571429,NA,NA,0,0.875,0,0,84.4636260143785,84.4636260143785,150.65,20.825,"Latin America & Caribbean",1
"VNM","Vietnam",2014,1.41125001013279,1.41125001013279,1.41125001013279,0,0,47.7681308634222,47.7681308634222,34.775,34.775,5.4054918875,5.4054918875,5.4054918875,1.988625,1.988625,2.7475,2.7475,0.082,0.082,0.002,0.002,0.0891666666666667,0.087625,0,0,0.001,0.001,0.639,0.64225,0.186833333333333,0.185125,NA,NA,46.5875,107.3625,7.53303482019957,91252776,6.62567341846665,NA,73.6475,68.9353634085213,NA,NA,0,0,0,0,75.3303482019957,75.3303482019957,107.3625,46.5875,"East Asia & Pacific",0
"VUT","Vanuatu",2014,1.85000002384186,1.82250000536442,1.85000002384186,NA,NA,43.5469613614078,43.5469613614078,40.3,40.3,4.22545628153758,4.22545628153758,4.22545628153758,3.95925,3.95925,1.53875,1.53875,0.883,0.883,0.001,0.001,0.002,0.002,0,0,0,0,0.104,0.104,0.01,0.01,NA,NA,77.0125,280.5125,17.8760626029051,260482,3.7697525001208,NA,NA,NA,NA,NA,0,0,0,0,178.760626029051,178.760626029051,280.5125,77.0125,"East Asia & Pacific",0
"WSM","Samoa",2014,9.40500009059906,7.90249991416931,9.40500009059906,NA,7,34.566198244979,34.566198244979,42.9,42.9,4.22606585980641,4.22606585980641,4.22606585980641,4.123875,4.123875,2.17,2.17,0.988,0.988,0,0,0,0,0,0,0,0,0.006,0.006,0.006,0.006,NA,NA,51.6125,148.725,10.0644764941957,191105.5,4.73241266323986,NA,59.6621428571429,53.9332142857143,NA,NA,0,0,0,0,100.644764941957,100.644764941957,148.725,51.6125,"East Asia & Pacific",0
"YEM","Yemen",2014,15.6449999809265,13.2487499713898,15.6449999809265,3,3,9.48265830841252,9.48265830841252,37.16,37.175,3.6085336625,3.6085336625,3.6085336625,4.27425,4.27425,0.03625,0.03625,0.001,0.001,0.990666666666667,0.9905,0,0,0,0,0.00666666666666667,0.00675,0.000666666666666667,0.00075,0.001,0.001,NA,NA,38.3875,81.9625,6.0115826459,25488391.875,2.75818512290067,NA,72.9285714285714,63.9238095238095,NA,NA,0.5,0.25,0.5,1,60.115826459,60.115826459,81.9625,38.3875,"Middle East & North Africa",1
"ZAF","South Africa",2014,25.2787499427795,25.2787499427795,25.2787499427795,8,8,44.538607543047,44.538607543047,62.95,62.95,12.0169953,12.0169953,12.0169953,2.52,2.52,7.33,7.33,0.619,0.618,0.0161666666666667,0.016375,0.00316666666666667,0.003375,0.002,0.002,0.0113333333333333,0.01125,0.288833333333333,0.288875,0.0595,0.060125,378,105,52.6375,192.575,11.7668391585453,54110105,4.95155969007545,0.285714285714286,48.7667916666667,39.8609583333333,NA,NA,0,0.375,0,1,117.668391585453,117.668391585453,192.575,52.6375,"Sub-Saharan Africa",1
"ZMB","Zambia",2014,10.8899998664856,10.2425000071526,10.8899998664856,5,5,47.8708255652943,47.8708255652943,55.8,55.825,3.3673312125,3.3673312125,3.3673312125,5.073,5.073,3.71,3.71,0.819,0.82,0.004,0.004,0,0,0,0,0.001,0.001,0.129,0.12825,0.047,0.04675,NA,NA,52.5625,217.5375,13.1793747538034,15189638.875,2.073559932184,0.285714285714286,72.346993006993,55.8390384615385,NA,NA,0,0.25,0,0.333333333333333,131.793747538034,131.793747538034,217.5375,52.5625,"Sub-Saharan Africa",1
"ZWE","Zimbabwe",2014,5.0699999332428,5.29499995708465,5.0699999332428,3,3,50.8885441878895,50.8885441878895,47.0125,47.0125,1.5494028375,1.5494028375,1.5494028375,3.94525,3.94525,3.66375,3.66375,0.534833333333333,0.539125,0.009,0.009,0,0,0,0,0.00183333333333333,0.001875,0.442333333333333,0.438,0.012,0.012,NA,NA,157.3125,443.075,28.5989123333402,13465746.375,2.93858671126975,0,71.6545141941392,58.2482538461538,NA,NA,0,0,0,0,285.989123333402,285.989123333402,443.075,157.3125,"Sub-Saharan Africa",0
