Country Code,ABW,AFG,AGO,ALB,AND,ARB,ARE,ARG,ARM,ASM,ATG,AUS,AUT,AZE,BDI,BEL,BEN,BFA,BGD,BGR,BHR,BHS,BIH,BLR,BLZ,BMU,BOL,BRA,BRB,BRN,BTN,BWA,CAF,CAN,CEB,CHE,CHI,CHL,CHN,CIV,CMR,COD,COG,COL,COM,CPV,CRI,CSS,CUB,CUW,CYM,CYP,CZE,DEU,DJI,DMA,DNK,DOM,DZA,EAP,EAR,EAS,ECA,ECS,ECU,EGY,EMU,ERI,ESP,EST,ETH,EUU,FCS,FIN,FJI,FRA,FRO,FSM,GAB,GBR,GEO,GHA,GIB,GIN,GMB,GNB,GNQ,GRC,GRD,GRL,GTM,GUM,GUY,HIC,HKG,HND,HPC,HRV,HTI,HUN,IBD,IBT,IDA,IDB,IDN,IDX,IMN,IND,INX,IRL,IRN,IRQ,ISL,ISR,ITA,JAM,JOR,JPN,KAZ,KEN,KGZ,KHM,KIR,KNA,KOR,KWT,LAC,LAO,LBN,LBR,LBY,LCA,LCN,LDC,LIC,LIE,LKA,LMC,LMY,LSO,LTE,LTU,LUX,LVA,MAC,MAF,MAR,MCO,MDA,MDG,MDV,MEA,MEX,MHL,MIC,MKD,MLI,MLT,MMR,MNA,MNE,MNG,MNP,MOZ,MRT,MUS,MWI,MYS,NAC,NAM,NCL,NER,NGA,NIC,NLD,NOR,NPL,NRU,NZL,OED,OMN,OSS,PAK,PAN,PER,PHL,PLW,PNG,POL,PRE,PRI,PRK,PRT,PRY,PSE,PSS,PST,PYF,QAT,ROU,RUS,RWA,SAS,SAU,SDN,SEN,SGP,SLB,SLE,SLV,SMR,SOM,SRB,SSA,SSD,SSF,SST,STP,SUR,SVK,SVN,SWE,SWZ,SXM,SYC,SYR,TCA,TCD,TEA,TEC,TGO,THA,TJK,TKM,TLA,TLS,TMN,TON,TSA,TSS,TTO,TUN,TUR,TUV,TZA,UGA,UKR,UMC,URY,USA,UZB,VCT,VEN,VGB,VIR,VNM,VUT,WLD,WSM,XKX,YEM,ZAF,ZMB,ZWE
1990,62149.00,12412308.00,11848386.00,3286542.00,54509.00,222653373.00,1828432.00,32618651.00,3538171.00,47347.00,62528.00,17065100.00,7677850.00,7159000.00,5438957.00,9967379.00,4978496.00,8811034.00,103171956.00,8718289.00,495931.00,256223.00,4463423.00,10189000.00,187552.00,59326.00,6864842.00,149003223.00,260936.00,258721.00,530804.00,1286756.00,2806734.00,27691138.00,110743128.00,6715519.00,140671.00,13274623.00,1135185000.00,11924877.00,11780088.00,34612023.00,2356737.00,33102569.00,411594.00,337950.00,3119433.00,6009253.00,10596987.00,145400.00,25312.00,766615.00,10333355.00,79433029.00,590398.00,70419.00,5140939.00,7133494.00,25758869.00,1605187670.00,2028993608.00,1822193192.00,361175670.00,841520445.00,10230934.00,56134475.00,311262588.00,2258653.00,38867322.00,1569174.00,47887865.00,420477979.00,389642005.00,4986431.00,728573.00,58235697.00,47274.00,96301.00,949488.00,57247586.00,4802000.00,14773277.00,29147.00,6352283.00,955593.00,975261.00,419188.00,10196792.00,96331.00,55600.00,9050115.00,130482.00,743309.00,1028439322.00,5704500.00,4955303.00,354047260.00,4777368.00,7037917.00,10373988.00,3472779202.00,4306143227.00,833364025.00,278496626.00,181413402.00,554867399.00,70298.00,873277798.00,,3513974.00,56366217.00,17419113.00,254826.00,4660000.00,56719240.00,2419906.00,3565890.00,123537000.00,16348000.00,23724579.00,4391200.00,8975597.00,72400.00,40260.00,42869283.00,2095344.00,417195816.00,4258472.00,2803044.00,2075912.00,4436661.00,138020.00,441826994.00,506275612.00,303390406.00,28789.00,17325773.00,1765242835.00,4251636958.00,1703747.00,1848477103.00,3697838.00,381850.00,2663151.00,343808.00,31520.00,24807462.00,29438.00,2969097.00,11598633.00,223158.00,254215138.00,83943132.00,47271.00,3948246552.00,1996228.00,8449913.00,354170.00,41335199.00,226259037.00,606372.00,2184145.00,45752.00,12987292.00,2034346.00,1058775.00,9404500.00,18029824.00,277373464.00,1432905.00,170899.00,8026591.00,95212450.00,4173434.00,14951510.00,4241473.00,18905478.00,9505.00,3329800.00,1104136511.00,1812161.00,17430779.00,107647921.00,2470947.00,22071433.00,61895160.00,15058.00,4615839.00,38110782.00,415057375.00,3537000.00,20293054.00,9983218.00,4223415.00,1978248.00,1694332.00,964232874.00,199905.00,476278.00,23201835.00,147969407.00,7288882.00,1133495196.00,16233785.00,20147590.00,7526307.00,3047132.00,311866.00,4319762.00,5270079.00,24125.00,7225092.00,7586000.00,508323569.00,5492623.00,509451851.00,25134364.00,119209.00,405169.00,5299187.00,1998161.00,8558835.00,822420.00,,69507.00,12446171.00,12111.00,5963252.00,1584871832.00,427265655.00,3774312.00,56558186.00,5283814.00,3683967.00,426777904.00,737814.00,224280789.00,95069.00,1133495196.00,509451851.00,1221116.00,8242496.00,53921760.00,8913.00,25203845.00,17354392.00,51891400.00,2183003717.00,3109601.00,249623000.00,20510000.00,107484.00,19632665.00,17489.00,103963.00,67988862.00,146573.00,5280076280.00,162803.00,1862000.00,11709993.00,36800509.00,8036845.00,10432421.00
1991,64622.00,13299017.00,12248901.00,3266790.00,56671.00,228731685.00,1937153.00,33079000.00,3505258.00,48685.00,63367.00,17284000.00,7754891.00,7271000.00,5564926.00,10004486.00,5149499.00,9050084.00,105599127.00,8632367.00,509760.00,261008.00,4369319.00,10194000.00,191128.00,59021.00,7011453.00,151648011.00,261905.00,266210.00,534632.00,1326322.00,2878509.00,28037420.00,110469467.00,6799978.00,141467.00,13495258.00,1150780000.00,12362407.00,12137912.00,35908244.00,2422305.00,33758328.00,423872.00,346230.00,3202085.00,6058314.00,10673542.00,144403.00,26544.00,783124.00,10308578.00,80013896.00,606844.00,70374.00,5154298.00,7270409.00,26400479.00,1629631635.00,2073591150.00,1848222188.00,363435421.00,845398091.00,10472475.00,57424549.00,312708137.00,2266358.00,38966376.00,1561314.00,49609969.00,421730525.00,400345083.00,5013740.00,735401.00,58559311.00,47120.00,98770.00,975783.00,57424897.00,4835900.00,15207367.00,29022.00,6534939.00,992673.00,997522.00,432853.00,10319927.00,96460.00,55500.00,9296814.00,133558.00,744474.00,1036687790.00,5752000.00,5098591.00,364782185.00,4689022.00,7178607.00,10373400.00,3529271854.00,4385562560.00,856290706.00,286142505.00,184591903.00,570148201.00,70932.00,891273209.00,,3534235.00,57679034.00,17889459.00,257797.00,4949000.00,56758521.00,2439334.00,3760496.00,123921000.00,16450500.00,24521703.00,4463600.00,9289299.00,73692.00,40381.00,43295704.00,2031296.00,424967294.00,4379236.00,2921706.00,2040139.00,4544242.00,139995.00,449938846.00,520262423.00,312235599.00,29159.00,17535729.00,1804249923.00,4331377615.00,1742539.00,1872531745.00,3704134.00,387000.00,2650581.00,353626.00,32449.00,25260404.00,29622.00,2975523.00,11942819.00,229751.00,261046309.00,85512623.00,48404.00,4019142016.00,1993302.00,8635527.00,363845.00,41890197.00,232101440.00,607105.00,2217917.00,46666.00,13328032.00,2087912.00,1070266.00,9600355.00,18519937.00,281077441.00,1476388.00,175362.00,8288735.00,97667632.00,4267568.00,15069798.00,4261732.00,19405504.00,9764.00,3495100.00,1114575439.00,1893768.00,17813831.00,110778648.00,2523118.00,22522378.00,63454786.00,15441.00,4725547.00,38246193.00,427398511.00,3562110.00,20609150.00,9960235.00,4334345.00,2068845.00,1721237.00,970954802.00,203726.00,487353.00,23001155.00,148394216.00,7083935.00,1158655617.00,16772694.00,20891441.00,7755496.00,3135083.00,320780.00,4348660.00,5342198.00,24460.00,7274030.00,7595636.00,522586208.00,5420171.00,523726913.00,25593382.00,121956.00,413009.00,5303294.00,1999429.00,8617375.00,845266.00,,70439.00,12815401.00,12811.00,6157079.00,1608999005.00,429371791.00,3862992.00,57232465.00,5400630.00,3789185.00,434776639.00,759527.00,230032595.00,95246.00,1158655617.00,523726913.00,1229103.00,8427857.00,54840590.00,9026.00,26056594.00,17953531.00,52000500.00,2214892093.00,3131660.00,252981000.00,20952000.00,107776.00,20096317.00,18006.00,104807.00,69436954.00,150716.00,5368065405.00,163997.00,1898000.00,12302124.00,37718950.00,8246656.00,10680995.00
1992,68235.00,14485546.00,12657366.00,3247039.00,58888.00,232956352.00,2052891.00,33529326.00,3442817.00,49896.00,64471.00,17495000.00,7840709.00,7382000.00,5685565.00,10045158.00,5331803.00,9297113.00,107983704.00,8540164.00,523086.00,266029.00,4233676.00,10216000.00,194324.00,58595.00,7160920.00,154259380.00,262886.00,273892.00,534516.00,1363554.00,2959236.00,28371264.00,110111454.00,6875364.00,142006.00,13719819.00,1164970000.00,12812421.00,12499499.00,37333914.00,2489952.00,34422568.00,436448.00,355757.00,3286520.00,6112812.00,10736387.00,143912.00,27780.00,800611.00,10319123.00,80624598.00,615054.00,70544.00,5171370.00,7408342.00,27028326.00,1652528229.00,2117785725.00,1872480731.00,365331302.00,848877903.00,10716129.00,58666814.00,314162058.00,2257596.00,39157685.00,1533091.00,51423585.00,422963892.00,411763761.00,5041992.00,744469.00,58851217.00,46739.00,101389.00,1002579.00,57580402.00,4873500.00,15653336.00,28840.00,6716038.00,1027475.00,1020350.00,447266.00,10399061.00,97165.00,55300.00,9544055.00,136692.00,748602.00,1042741815.00,5800500.00,5244678.00,376055904.00,4575818.00,7319493.00,10369341.00,3583653513.00,4463427776.00,879774263.00,293874927.00,187739786.00,585899336.00,71254.00,909307016.00,,3558430.00,58780370.00,18402734.00,261057.00,5123000.00,56797087.00,2461049.00,3977672.00,124229000.00,16439095.00,25326078.00,4515400.00,9623889.00,74766.00,40691.00,43747962.00,,432695340.00,4500351.00,3076132.00,2001624.00,4650885.00,141760.00,458011033.00,534731006.00,321531045.00,29553.00,17736821.00,1843386680.00,4409608113.00,1782285.00,1892668357.00,3700114.00,392175.00,2614338.00,362311.00,31811.00,25711406.00,29865.00,2977130.00,12301336.00,236265.00,265656619.00,87075138.00,49245.00,4088077068.00,1988659.00,8850334.00,367618.00,42401684.00,237828663.00,608516.00,2243495.00,46476.00,13806001.00,2142645.00,1084441.00,9685973.00,19002656.00,284943859.00,1516958.00,179799.00,8566770.00,100161710.00,4364512.00,15184166.00,4286401.00,19938320.00,10030.00,3531700.00,1124867020.00,1983275.00,18156566.00,113911126.00,2575954.00,22966818.00,65020116.00,15856.00,4836217.00,38363667.00,440397767.00,3585176.00,20937404.00,9952494.00,4445016.00,2163591.00,1750921.00,977682877.00,207245.00,495395.00,22794284.00,148538197.00,6702244.00,1184133314.00,17282691.00,21696244.00,7990096.00,3230698.00,329995.00,4347724.00,5416323.00,24822.00,7295384.00,7646424.00,537091265.00,5305457.00,538246469.00,26020299.00,124576.00,420658.00,5305016.00,1996498.00,8668067.00,866993.00,,70763.00,13187663.00,13632.00,6356748.00,1631566815.00,431065071.00,3945905.00,57811021.00,5502494.00,3899843.00,442751035.00,783198.00,235665072.00,95399.00,1184133314.00,538246469.00,1236683.00,8613861.00,55748948.00,9112.00,26961197.00,18561674.00,52150400.00,2244690388.00,3154464.00,256514000.00,21449000.00,107950.00,20557683.00,18438.00,105712.00,70883481.00,155170.00,5452349928.00,165490.00,1932000.00,12954155.00,38672607.00,8451347.00,10900502.00
1993,72504.00,15816603.00,13075049.00,3227287.00,60971.00,239243261.00,2173139.00,33970111.00,3363108.00,51020.00,65777.00,17667000.00,7905633.00,7495000.00,5798053.00,10084475.00,5521763.00,9552476.00,110350639.00,8472313.00,536210.00,271069.00,4078937.00,10239000.00,197622.00,58910.00,7312850.00,156849078.00,263874.00,281681.00,532596.00,1399110.00,3046149.00,28684764.00,110041924.00,6938265.00,142415.00,13944937.00,1178440000.00,13271643.00,12864090.00,38815834.00,2559873.00,35091272.00,449274.00,366053.00,3372298.00,6170355.00,10789306.00,144299.00,29069.00,818746.00,10329855.00,81156363.00,618495.00,70831.00,5188628.00,7546463.00,27635515.00,1674580231.00,2161761709.00,1895897521.00,366703368.00,851923757.00,10961466.00,59880658.00,315449099.00,2238626.00,39361262.00,1494128.00,53295566.00,424341130.00,423631985.00,5066447.00,754963.00,59106768.00,46266.00,103915.00,1029778.00,57718614.00,4911100.00,16106765.00,28675.00,6897166.00,1060862.00,1043423.00,462637.00,10460415.00,98230.00,55200.00,9790619.00,139818.00,754144.00,1050717716.00,5901000.00,5394412.00,387705076.00,4600463.00,7460689.00,10357523.00,3636903391.00,4540549134.00,903645743.00,301679813.00,190851175.00,601965930.00,71428.00,927403860.00,,3576261.00,59723764.00,18955085.00,263725.00,5261000.00,56831821.00,2484581.00,4201555.00,124536000.00,16330419.00,26136216.00,4516700.00,9970733.00,75716.00,41141.00,44194628.00,,440382409.00,4619944.00,3246126.00,1976699.00,4755133.00,143409.00,466051607.00,549559264.00,331155718.00,29975.00,17924823.00,1882431404.00,4486793819.00,1822236.00,1913771946.00,3682613.00,397475.00,2563290.00,370199.00,30200.00,26155203.00,30146.00,2973114.00,12675460.00,242605.00,272107828.00,88625440.00,49831.00,4155638101.00,1984028.00,9087176.00,371308.00,42890002.00,243429290.00,610170.00,2263186.00,45758.00,14370946.00,2198532.00,1097374.00,9710331.00,19484898.00,288662674.00,1555101.00,184496.00,8860287.00,102700753.00,4462497.00,15290368.00,4311991.00,20489975.00,10287.00,3572200.00,1134697660.00,2072104.00,18476081.00,117086685.00,2629580.00,23408131.00,66593904.00,16290.00,4949051.00,38461408.00,453849633.00,3615497.00,21265834.00,9964675.00,4555521.00,2262676.00,1782120.00,984081938.00,210642.00,501479.00,22763280.00,148458777.00,6263757.00,1209847786.00,17763298.00,22527834.00,8226760.00,3313471.00,339504.00,4328957.00,5490477.00,25209.00,7315865.00,7699307.00,551850735.00,5185699.00,553020362.00,26428556.00,127062.00,428028.00,5325305.00,1991746.00,8718561.00,887706.00,,72253.00,13565072.00,14526.00,6563922.00,1653289954.00,432528519.00,4029053.00,58337773.00,5593315.00,4010789.00,450695899.00,806860.00,241166614.00,95557.00,1209847786.00,553020362.00,1243616.00,8795932.00,56653804.00,9194.00,27887203.00,19175988.00,52179200.00,2273206697.00,3177745.00,259919000.00,21942000.00,108033.00,21016901.00,18786.00,106578.00,72300308.00,159744.00,5537511535.00,167119.00,1965000.00,13634076.00,39633750.00,8656486.00,11092766.00
1994,76700.00,17075727.00,13503747.00,3207536.00,62677.00,245449409.00,2294385.00,34402672.00,3283667.00,52095.00,67204.00,17855000.00,7936118.00,7597000.00,5898967.00,10115603.00,5714220.00,9816588.00,112737683.00,8443591.00,549583.00,275846.00,3936524.00,10227000.00,201680.00,59320.00,7466793.00,159432716.00,264893.00,289454.00,531897.00,1434059.00,3135015.00,29000663.00,110021594.00,6993795.00,142863.00,14166340.00,1191835000.00,13735433.00,13230984.00,40252975.00,2632345.00,35758978.00,462277.00,376407.00,3458834.00,6227330.00,10838462.00,144630.00,30514.00,837110.00,10333587.00,81438348.00,622366.00,71043.00,5206180.00,7683707.00,28213774.00,1696464141.00,2205758888.00,1919359723.00,367495486.00,854031998.00,11208001.00,61095804.00,316366779.00,2218430.00,39549108.00,1462514.00,55180998.00,425399124.00,435570558.00,5088333.00,765609.00,59327192.00,45856.00,106030.00,1057255.00,57865745.00,4836076.00,16561674.00,28602.00,7081116.00,1094212.00,1066346.00,479098.00,10512922.00,99352.00,55500.00,10037522.00,142802.00,758896.00,1058314875.00,6035400.00,5548960.00,399503946.00,4652024.00,7602320.00,10343355.00,3689394008.00,4617186578.00,927792570.00,309568081.00,193917462.00,618224489.00,71661.00,945601831.00,,3590386.00,60590614.00,19539340.00,266021.00,5399000.00,56843400.00,2509043.00,4410359.00,124961000.00,16095199.00,26950513.00,4515100.00,10317899.00,76670.00,41618.00,44641540.00,,448036590.00,4735845.00,3403357.00,1986493.00,4854875.00,145083.00,474058642.00,564581083.00,340941571.00,30426.00,18094477.00,1921274347.00,4563472313.00,1861324.00,1934414296.00,3657144.00,402925.00,2520742.00,377798.00,28484.00,26584478.00,30435.00,2964277.00,13066543.00,248588.00,278384965.00,90156400.00,50215.00,4222530742.00,1981703.00,9334880.00,374797.00,43383428.00,248897270.00,611389.00,2280479.00,45364.00,14948048.00,2255516.00,1112846.00,9745690.00,19977500.00,292185983.00,1591822.00,189482.00,9168312.00,105293700.00,4559006.00,15382838.00,4336613.00,21040904.00,10498.00,3620000.00,1144072690.00,2148419.00,18801065.00,120362762.00,2684116.00,23851408.00,68180859.00,16717.00,5065661.00,38542652.00,467465199.00,3649237.00,21577982.00,9991525.00,4666094.00,2366298.00,1812834.00,989857263.00,214197.00,507041.00,22730211.00,148407912.00,5936261.00,1235693869.00,18214470.00,23338464.00,8461068.00,3419048.00,349281.00,4309775.00,5561919.00,25582.00,7372598.00,7734639.00,566884957.00,5111365.00,568072008.00,26841229.00,129427.00,435099.00,5346331.00,1989443.00,8780745.00,907620.00,,74205.00,13950476.00,15407.00,6781053.00,1674861279.00,433420373.00,4120616.00,58875269.00,5679167.00,4115102.00,458608077.00,827825.00,246530972.00,95739.00,1235693869.00,568072008.00,1249520.00,8967916.00,57564204.00,9252.00,28792639.00,19793541.00,51921400.00,2301256395.00,3201151.00,263126000.00,22377000.00,108053.00,21474549.00,19074.00,107318.00,73651218.00,164129.00,5621787188.00,168694.00,1997000.00,14297613.00,40564059.00,8869740.00,11261744.00
1995,80324.00,18110657.00,13945206.00,3187784.00,63850.00,253107289.00,2415090.00,34828170.00,3217348.00,53161.00,68670.00,18072000.00,7948278.00,7685000.00,5987043.00,10136811.00,5905558.00,10089878.00,115169930.00,8406067.00,563697.00,280184.00,3829050.00,10194000.00,206963.00,59746.00,7622338.00,162019896.00,265955.00,297114.00,534620.00,1469174.00,3222656.00,29302311.00,109864246.00,7040687.00,143484.00,14380866.00,1204855000.00,14199762.00,13599988.00,41576234.00,2707537.00,36421438.00,475394.00,386284.00,3545534.00,6281193.00,10888252.00,145139.00,32166.00,855383.00,10327253.00,81678051.00,630388.00,71098.00,5233373.00,7819247.00,28757785.00,1717901684.00,2249993940.00,1942431457.00,367887319.00,855490651.00,11455204.00,62334034.00,317181448.00,2204222.00,39724050.00,1436634.00,57047908.00,426203343.00,447316926.00,5107790.00,775425.00,59541899.00,45625.00,107529.00,1084946.00,58019030.00,4657722.00,17014057.00,28692.00,7269625.00,1128575.00,1088854.00,496768.00,10562153.00,100288.00,55800.00,10286786.00,145561.00,761291.00,1067201837.00,6156100.00,5709014.00,411298620.00,4620030.00,7744503.00,10328965.00,3740821090.00,4693043491.00,952222401.00,317616103.00,196934260.00,634606298.00,72131.00,963922588.00,,3608841.00,61442664.00,20149338.00,267468.00,5545000.00,56844303.00,2533711.00,4588843.00,125439000.00,15815626.00,27768296.00,4560400.00,10656138.00,77723.00,42077.00,45092991.00,1605901.00,455661646.00,4846483.00,3528380.00,2044661.00,4948798.00,146870.00,482028947.00,579681672.00,350774281.00,30880.00,18242912.00,1960170782.00,4639487256.00,1898598.00,1955852554.00,3629102.00,408625.00,2485056.00,385513.00,27321.00,26994250.00,30716.00,2952307.00,13475400.00,254139.00,286096964.00,91663285.00,50457.00,4288712975.00,1983252.00,9585653.00,377419.00,43901598.00,254233351.00,611712.00,2298020.00,45870.00,15483286.00,2313630.00,1122457.00,9844415.00,20487607.00,295640057.00,1627865.00,193816.00,9490288.00,107948335.00,4652185.00,15459006.00,4359184.00,21576071.00,10628.00,3673400.00,1153301290.00,2204277.00,19125016.00,123776839.00,2739668.00,24299160.00,69784088.00,17164.00,5187060.00,38594998.00,481049511.00,3683103.00,21862299.00,10026176.00,4776843.00,2474666.00,1841693.00,995277611.00,218071.00,513442.00,22684270.00,148375787.00,5836495.00,1261587756.00,18638787.00,24094747.00,8690164.00,3524506.00,359281.00,4303957.00,5628600.00,25928.00,7491637.00,7625357.00,582215500.00,5118083.00,583413261.00,27247902.00,131678.00,441851.00,5361999.00,1989872.00,8826939.00,926841.00,,75304.00,14345492.00,16216.00,7010145.00,1696014016.00,433786617.00,4226291.00,59467274.00,5764810.00,4207841.00,466483156.00,844334.00,251758685.00,95976.00,1261587756.00,583413261.00,1254200.00,9125398.00,58486456.00,9298.00,29649135.00,20413152.00,51512800.00,2328542193.00,3224281.00,266278000.00,22785000.00,108035.00,21931084.00,19313.00,107818.00,74910461.00,168158.00,5706689093.00,170054.00,2029000.00,14913315.00,41435758.00,9096607.00,11410714.00
1996,83200.00,18853437.00,14400719.00,3168033.00,64360.00,259000953.00,2539126.00,35246374.00,3168221.00,54211.00,70173.00,18311000.00,7959017.00,7763000.00,6060111.00,10156637.00,6094259.00,10372745.00,117649932.00,8362826.00,578666.00,283978.00,3764425.00,10160000.00,213664.00,60129.00,7779267.00,164614688.00,267049.00,304622.00,541465.00,1504730.00,3308233.00,29610218.00,109626194.00,7071850.00,144335.00,14587370.00,1217550000.00,14665127.00,13970813.00,42757243.00,2785810.00,37076387.00,488627.00,395533.00,3632362.00,6331271.00,10939293.00,146306.00,34065.00,873423.00,10315241.00,81914831.00,643654.00,70936.00,5263074.00,7952763.00,29266405.00,1738949813.00,2294576673.00,1965146504.00,368313051.00,856856889.00,11703174.00,63601629.00,318003015.00,2196464.00,39889852.00,1415594.00,58883530.00,426896863.00,458764367.00,5124573.00,784386.00,59753100.00,45615.00,108321.00,1112955.00,58166950.00,4491699.00,17462496.00,28971.00,7463782.00,1164091.00,1110833.00,515853.00,10608800.00,101001.00,55900.00,10536942.00,148060.00,760795.00,1074336734.00,6435500.00,5874809.00,423019190.00,4557097.00,7887304.00,10311238.00,3791695536.00,4768632542.00,976937006.00,325908651.00,199901228.00,651028355.00,72878.00,982365243.00,,3637510.00,62294920.00,20783073.00,268916.00,5692000.00,56860281.00,2558637.00,4732854.00,125757000.00,15577894.00,28589451.00,4628400.00,10982917.00,78903.00,42472.00,45524681.00,1626857.00,463259079.00,4951195.00,3610665.00,2160478.00,5036171.00,148834.00,489970940.00,594801259.00,360601917.00,31348.00,18367288.00,1999275190.00,4715287096.00,1934291.00,1975201173.00,3601613.00,414225.00,2457222.00,393373.00,26849.00,27383473.00,30995.00,2946401.00,13902688.00,259183.00,292041181.00,93147044.00,50533.00,4354685179.00,1989443.00,9837571.00,379905.00,44452206.00,259431597.00,611003.00,2316568.00,47521.00,15960442.00,2372901.00,1133996.00,10022789.00,21017613.00,299064347.00,1663378.00,197564.00,9826598.00,110668794.00,4741578.00,15530498.00,4381336.00,22090352.00,10672.00,3732000.00,1162248642.00,2236654.00,19460594.00,127349290.00,2796291.00,24753824.00,71401749.00,17593.00,5314248.00,38624370.00,494517676.00,3724655.00,22113438.00,10063945.00,4887632.00,2587997.00,1868414.00,1000603731.00,222322.00,522531.00,22619004.00,148160129.00,6013107.00,1287476190.00,19033845.00,24782383.00,8912861.00,3670704.00,369523.00,4312666.00,5689938.00,26252.00,7682686.00,7617794.00,597857366.00,5221926.00,599067779.00,27660279.00,133806.00,448207.00,5373361.00,1988628.00,8840998.00,945508.00,,76417.00,14754142.00,16926.00,7250975.00,1716810429.00,434113522.00,4348805.00,60130186.00,5851355.00,4287346.00,474321022.00,855362.00,256843600.00,96273.00,1287476190.00,599067779.00,1257549.00,9267340.00,59423282.00,9323.00,30444526.00,21032821.00,51057800.00,2355409989.00,3247381.00,269394000.00,23225000.00,107976.00,22385650.00,19502.00,108095.00,76068743.00,171722.00,5789623830.00,171165.00,2059000.00,15469274.00,42241011.00,9339733.00,11541217.00
1997,85451.00,19357126.00,14871570.00,3148281.00,64327.00,264822188.00,2671362.00,35657429.00,3133089.00,55221.00,71704.00,18517000.00,7968041.00,7838250.00,6122130.00,10181245.00,6281639.00,10665546.00,120160564.00,8312068.00,594931.00,287358.00,3736070.00,10117000.00,221580.00,60497.00,7937458.00,167209040.00,268187.00,311958.00,551709.00,1540425.00,3392436.00,29905948.00,109422013.00,7088906.00,145373.00,14786220.00,1230075000.00,15130663.00,14344449.00,43827180.00,2867280.00,37723803.00,501953.00,404259.00,3718949.00,6378559.00,10989732.00,146956.00,36156.00,891190.00,10304131.00,82034771.00,660863.00,70599.00,5284991.00,8084407.00,29742979.00,1759750579.00,2339379438.00,1987315562.00,368734967.00,858164737.00,11951452.00,64892270.00,318761762.00,2195179.00,40057389.00,1399535.00,60697443.00,427538058.00,470020836.00,5139835.00,792736.00,59964851.00,45796.00,108480.00,1141338.00,58316954.00,4349913.00,17908985.00,29408.00,7662075.00,1200526.00,1132510.00,536460.00,10661259.00,101567.00,56000.00,10788362.00,150303.00,757970.00,1081272108.00,6489300.00,6045699.00,434736174.00,4534920.00,8030726.00,10290486.00,3842265430.00,4844173053.00,1001907623.00,334399200.00,202826446.00,667508423.00,73850.00,1000900030.00,,3674171.00,63136312.00,21439574.00,271128.00,5836000.00,56890372.00,2583916.00,4848541.00,126057000.00,15333703.00,29415659.00,4696400.00,11298600.00,80187.00,42857.00,45953580.00,1710256.00,470817406.00,5050315.00,3658424.00,2326202.00,5118007.00,150913.00,497858148.00,609983301.00,370477990.00,31830.00,18470900.00,2038516003.00,4790982263.00,1968044.00,1994264451.00,3575137.00,419450.00,2432851.00,401352.00,26909.00,27754571.00,31280.00,2935524.00,14347854.00,263842.00,297891731.00,94611002.00,50450.00,4420504273.00,1999598.00,10094368.00,382791.00,45027233.00,264504166.00,609520.00,2335734.00,50056.00,16397183.00,2433563.00,1148284.00,10264906.00,21562793.00,302623445.00,1698032.00,201418.00,10178201.00,113457663.00,4827661.00,15610650.00,4405157.00,22584775.00,10647.00,3781300.00,1171146677.00,2249762.00,19809624.00,131057431.00,2853913.00,25210954.00,73030884.00,18014.00,5446641.00,38649660.00,507968946.00,3759430.00,22335267.00,10108977.00,4998100.00,2706518.00,1893444.00,1005700210.00,226866.00,535321.00,22553978.00,147915361.00,6419901.00,1313346377.00,19407142.00,25413917.00,9130877.00,3796038.00,379999.00,4335301.00,5746284.00,26562.00,7936127.00,7596501.00,613828768.00,5411655.00,615054371.00,28081627.00,135832.00,454165.00,5383291.00,1985956.00,8846062.00,963426.00,,77319.00,15175316.00,17567.00,7503493.00,1737388752.00,434473525.00,4485951.00,60846582.00,5938405.00,4355116.00,482112380.00,861866.00,261797648.00,96619.00,1313346377.00,615054371.00,1259848.00,9395123.00,60372568.00,9323.00,31192857.00,21655398.00,50594600.00,2381988270.00,3270164.00,272657000.00,23667000.00,107895.00,22837743.00,19665.00,108357.00,77133214.00,174921.00,5872254371.00,172068.00,2086000.00,15975668.00,42987461.00,9597609.00,11653242.00
1998,87277.00,19737765.00,15359601.00,3128530.00,64142.00,270575803.00,2813214.00,36063459.00,3108687.00,56171.00,73224.00,18711000.00,7976789.00,7913000.00,6185562.00,10203008.00,6470265.00,10968724.00,122682815.00,8256786.00,613700.00,290597.00,3734337.00,10069000.00,230244.00,60943.00,8096761.00,169785250.00,269336.00,319144.00,564377.00,1575824.00,3475492.00,30155173.00,109238340.00,7110001.00,146498.00,14977733.00,1241935000.00,15589414.00,14723768.00,44849967.00,2951647.00,38364307.00,515385.00,412514.00,3803887.00,6423838.00,11038692.00,144472.00,38329.00,908702.00,10294373.00,82047195.00,680463.00,70185.00,5304219.00,8214426.00,30192754.00,1779788443.00,2384127949.00,2008705489.00,369018877.00,859297753.00,12198449.00,66200269.00,319433981.00,2206432.00,40223509.00,1386156.00,62507724.00,428109863.00,481098947.00,5153498.00,800157.00,60186288.00,46096.00,108208.00,1170061.00,58487141.00,4243607.00,18357156.00,29947.00,7860781.00,1238125.00,1154371.00,558492.00,10720509.00,102021.00,56100.00,11046215.00,152277.00,753778.00,1088081935.00,6543700.00,6220406.00,446608340.00,4532135.00,8174680.00,10266570.00,3892058667.00,4919045862.00,1026987195.00,342980958.00,205724592.00,684006237.00,74943.00,1019483581.00,,3712696.00,63971836.00,22114324.00,274047.00,5971000.00,56906744.00,2608873.00,4943975.00,126400000.00,15071300.00,30250488.00,4769000.00,11600508.00,81556.00,43225.00,46286503.00,1831119.00,478311491.00,5144602.00,3693520.00,2517481.00,5196780.00,153021.00,505687071.00,625342098.00,380522587.00,32311.00,18564599.00,2077744727.00,4865923598.00,1997516.00,2012571338.00,3549331.00,424700.00,2410019.00,409616.00,27392.00,28110443.00,31556.00,2934339.00,14808791.00,268455.00,303641740.00,96056321.00,50356.00,4485401011.00,2012057.00,10360561.00,385287.00,45611220.00,269440690.00,607662.00,2355664.00,52997.00,16813949.00,2496216.00,1160421.00,10552338.00,22114654.00,306070116.00,1731639.00,205279.00,10545716.00,116319759.00,4910647.00,15707209.00,4431464.00,23057883.00,10565.00,3815000.00,1179742975.00,2251864.00,20163885.00,134843233.00,2912316.00,25658062.00,74672014.00,18410.00,5581762.00,38663481.00,521617674.00,3781101.00,22536753.00,10160196.00,5107839.00,2776568.00,1917135.00,1010590849.00,231570.00,551562.00,22507344.00,147670784.00,6962802.00,1339202708.00,19783304.00,26015521.00,9347774.00,3927213.00,390693.00,4381483.00,5797765.00,26840.00,8235064.00,7567745.00,630161389.00,5661942.00,631400656.00,28504858.00,137848.00,459838.00,5390516.00,1981629.00,8850974.00,979918.00,31240.00,78846.00,15599591.00,18232.00,7770048.00,1757224494.00,434721837.00,4632446.00,61585103.00,6027388.00,4413479.00,489832045.00,866530.00,266664122.00,97032.00,1339202708.00,631400656.00,1261695.00,9509857.00,61329676.00,9332.00,31924196.00,22290780.00,50144500.00,2407656284.00,3291053.00,275854000.00,24051000.00,107801.00,23288564.00,19821.00,108537.00,78115710.00,177987.00,5954005533.00,172839.00,1966000.00,16450310.00,43682260.00,9866476.00,11747072.00
1999,89005.00,20170844.00,15866869.00,3108778.00,64370.00,276393837.00,2966034.00,36467218.00,3089022.00,57053.00,74674.00,18926000.00,7992324.00,7982750.00,6267124.00,10226419.00,6664098.00,11282701.00,125189651.00,8210624.00,636541.00,294062.00,3743354.00,10026738.00,238988.00,61285.00,8257066.00,172318675.00,270451.00,326210.00,577881.00,1610264.00,3558014.00,30401286.00,109060951.00,7143991.00,147555.00,15162800.00,1252735000.00,16032573.00,15112592.00,45919613.00,3038433.00,38999468.00,528848.00,420452.00,3885430.00,6468479.00,11084670.00,139428.00,40420.00,926046.00,10283860.00,82100243.00,699975.00,69835.00,5321799.00,8343283.00,30623406.00,1798639541.00,2428606148.00,2028650274.00,369023434.00,860319225.00,12442115.00,67515591.00,320258898.00,2237405.00,40386875.00,1390244.00,64343013.00,428815493.00,492424960.00,5165474.00,806303.00,60496718.00,46436.00,107781.00,1199052.00,58682466.00,4157192.00,18812359.00,30529.00,8054743.00,1277133.00,1177131.00,581770.00,10761698.00,102432.00,56100.00,11311078.00,153953.00,749674.00,1094816055.00,6606500.00,6397151.00,458867402.00,4512597.00,8319057.00,10237530.00,3940459765.00,4992708134.00,1052248369.00,351519907.00,208615169.00,700728462.00,76001.00,1038058156.00,,3754786.00,64800880.00,22802064.00,277381.00,6125000.00,56916317.00,2632675.00,5031762.00,126631000.00,14928426.00,31098757.00,4840400.00,11886458.00,82972.00,43622.00,46616677.00,1951636.00,485702149.00,5235346.00,3747766.00,2699712.00,5275926.00,154995.00,513366723.00,641046802.00,390910661.00,32769.00,18663284.00,2116794418.00,4939675723.00,2019731.00,2029613547.00,3524238.00,430475.00,2390482.00,418383.00,28116.00,28455509.00,31844.00,2929735.00,15282521.00,273527.00,309436741.00,97484832.00,50423.00,4548765062.00,2024394.00,10642936.00,387578.00,46181077.00,274350032.00,606001.00,2376225.00,55636.00,17244188.00,2561585.00,1175267.00,10854322.00,22661298.00,309502571.00,1763859.00,209214.00,10929918.00,119260063.00,4991040.00,15812088.00,4461913.00,23509964.00,10449.00,3835100.00,1188381919.00,2254904.00,20540138.00,138624621.00,2971196.00,26078293.00,76325927.00,18776.00,5716161.00,38660271.00,535773390.00,3800081.00,22731482.00,10217828.00,5216349.00,2848431.00,1939992.00,1015421530.00,236221.00,570489.00,22472040.00,147214776.00,7501234.00,1365067928.00,20194527.00,26626520.00,9568722.00,3958723.00,401586.00,4462378.00,5844846.00,27145.00,8553601.00,7540401.00,646892639.00,5933882.00,648148316.00,28948609.00,139959.00,465380.00,5396020.00,1983045.00,8857874.00,994108.00,31084.00,80410.00,16013985.00,19065.00,8053536.00,1775880231.00,434668342.00,4780448.00,62298571.00,6119661.00,4466135.00,497441716.00,873136.00,271501601.00,97482.00,1365067928.00,648148316.00,1263933.00,9613588.00,62287397.00,9346.00,32682239.00,22952410.00,49674000.00,2431970644.00,3308012.00,279040000.00,24311650.00,107758.00,23739841.00,20026.00,108599.00,79035871.00,181265.00,6034491778.00,173609.00,1762000.00,16921149.00,44338543.00,10140561.00,11822719.00
2000,90853.00,20779953.00,16395473.00,3089027.00,65390.00,282344154.00,3134062.00,36870787.00,3069591.00,57821.00,76016.00,19153000.00,8011566.00,8048600.00,6378871.00,10251250.00,6865951.00,11607942.00,127657854.00,8170172.00,664611.00,298051.00,3751176.00,9979610.00,247315.00,61833.00,8418264.00,174790340.00,271515.00,333165.00,591021.00,1643334.00,3640427.00,30685730.00,108447824.00,7184250.00,148443.00,15342353.00,1262645000.00,16454668.00,15513945.00,47105826.00,3127411.00,39629965.00,542357.00,428188.00,3962372.00,6513489.00,11126430.00,133860.00,42303.00,943290.00,10255063.00,82211508.00,717584.00,69650.00,5339616.00,8471321.00,31042235.00,1816455805.00,2472852818.00,2047640119.00,369143668.00,861278548.00,12681123.00,68831561.00,321310791.00,2292416.00,40567864.00,1396985.00,66224804.00,429328624.00,504450718.00,5176209.00,811006.00,60912500.00,46735.00,107402.00,1228360.00,58892514.00,4077131.00,19278856.00,31077.00,8240730.00,1317703.00,1201301.00,606181.00,10805808.00,102833.00,56200.00,11589761.00,155329.00,746715.00,1101479766.00,6665000.00,6574509.00,471680794.00,4468302.00,8463806.00,10210971.00,3987195305.00,5065364309.00,1078169004.00,360173360.00,211513823.00,717995644.00,76941.00,1056575549.00,,3805174.00,65623405.00,23497585.00,281205.00,6289000.00,56942108.00,2654701.00,5122493.00,126843000.00,14883626.00,31964557.00,4898400.00,12155239.00,84396.00,44083.00,47008111.00,2045123.00,492968023.00,5323700.00,3842778.00,2848456.00,5357891.00,156729.00,520903450.00,657215864.00,401768207.00,33184.00,18777601.00,2155781287.00,5012852771.00,2032804.00,2045125923.00,3499536.00,436300.00,2367550.00,427782.00,28935.00,28793679.00,32147.00,2923783.00,15766806.00,279398.00,315326801.00,98899845.00,50753.00,4611084564.00,2034819.00,10946445.00,390087.00,46719701.00,279279634.00,604950.00,2397418.00,57453.00,17711927.00,2630219.00,1186873.00,11148758.00,23194257.00,312909974.00,1794571.00,213230.00,11331557.00,122283850.00,5069302.00,15925513.00,4490967.00,23941110.00,10337.00,3857700.00,1196874047.00,2267973.00,20917092.00,142343578.00,3030328.00,26459944.00,77991755.00,19105.00,5847586.00,38258629.00,550660001.00,3810605.00,22929075.00,10289898.00,5323201.00,2922153.00,1962452.00,1020504904.00,240686.00,592468.00,22442971.00,146596869.00,7933681.00,1390946064.00,20663843.00,27275015.00,9797734.00,4027887.00,412660.00,4584571.00,5887936.00,27462.00,8872254.00,7516346.00,664059577.00,6199394.00,665327581.00,29393033.00,142262.00,470944.00,5388720.00,1988925.00,8872109.00,1005435.00,30519.00,81131.00,16410848.00,20164.00,8355654.00,1793498351.00,434313570.00,4924402.00,62952642.00,6216341.00,4516133.00,504921262.00,884366.00,276357481.00,97973.00,1390946064.00,665327581.00,1267153.00,9708350.00,63240194.00,9394.00,33499180.00,23650172.00,49176500.00,2455303277.00,3319736.00,282162411.00,24650400.00,107784.00,24192446.00,20311.00,108642.00,79910412.00,184972.00,6114332537.00,174454.00,1700000.00,17409072.00,44967708.00,10415944.00,11881477.00
2001,92898.00,21606988.00,16945753.00,3060173.00,67341.00,288432163.00,3302719.00,37275652.00,3050687.00,58494.00,77212.00,19413000.00,8042293.00,8111200.00,6525545.00,10286570.00,7076733.00,11944587.00,130088702.00,8009142.00,697545.00,302618.00,3755512.00,9928549.00,255063.00,62504.00,8580235.00,177196054.00,272500.00,340034.00,603640.00,1674678.00,3722018.00,31020902.00,107660041.00,7229854.00,149097.00,15516113.00,1271850000.00,16853026.00,15928910.00,48428545.00,3217933.00,40255956.00,555888.00,435709.00,4034074.00,6559094.00,11164667.00,129047.00,43935.00,960276.00,10216605.00,82349925.00,733015.00,69661.00,5358783.00,8598601.00,31451514.00,1833423014.00,2516662231.00,2065912076.00,369183312.00,862347940.00,12914667.00,70152661.00,322547874.00,2374722.00,40850412.00,1388115.00,68159423.00,429895628.00,517162716.00,5188008.00,813925.00,61357430.00,46997.00,107173.00,1258003.00,59119673.00,4014373.00,19756928.00,31602.00,8417081.00,1360074.00,1227106.00,631666.00,10862132.00,103249.00,56350.00,11871565.00,156401.00,745206.00,1108227432.00,6714300.00,6751912.00,485112686.00,4299642.00,8608819.00,10187576.00,4032822503.00,5137401875.00,1104579372.00,368820681.00,214427417.00,735758691.00,77703.00,1075000085.00,,3866243.00,66449112.00,24208180.00,284968.00,6439000.00,56974100.00,2674702.00,5217336.00,127149000.00,14858335.00,32848564.00,4945100.00,12405408.00,85849.00,44602.00,47370164.00,2103282.00,500087458.00,5409582.00,3991001.00,2953927.00,5443248.00,158179.00,528283160.00,673903112.00,413123461.00,33552.00,18911730.00,2194583752.00,5085444342.00,2035740.00,2059873500.00,3470818.00,441525.00,2337170.00,437938.00,29853.00,29126330.00,32470.00,2917252.00,16260932.00,286306.00,321297208.00,100298153.00,51422.00,4672320881.00,2042842.00,11271600.00,393028.00,47225120.00,284249018.00,607389.00,2419588.00,58321.00,18221888.00,2702400.00,1196287.00,11432000.00,23709119.00,316052361.00,1823672.00,217324.00,11751365.00,125394046.00,5145366.00,16046180.00,4513751.00,24347106.00,10215.00,3880500.00,1205753802.00,2294962.00,21276743.00,145978402.00,3089648.00,26799285.00,79672873.00,19386.00,5974629.00,38248076.00,566366102.00,3818774.00,23132980.00,10362722.00,5428444.00,2997784.00,1984496.00,1025401800.00,244931.00,615012.00,22131970.00,145976482.00,8231156.00,1416822959.00,21202642.00,27971082.00,10036104.00,4138012.00,423944.00,4754072.00,5927006.00,27812.00,9186725.00,7503433.00,681678581.00,6447793.00,682956070.00,29820333.00,144755.00,476574.00,5378867.00,1992060.00,8895960.00,1013609.00,30600.00,81202.00,16766561.00,21573.00,8678051.00,1810261141.00,433863000.00,5062567.00,63539196.00,6318513.00,4564083.00,512247471.00,901214.00,281251234.00,98487.00,1416822959.00,682956070.00,1271632.00,9793903.00,64192243.00,9484.00,34385856.00,24388968.00,48662400.00,2477737129.00,3325473.00,284968955.00,24964450.00,107896.00,24646472.00,20675.00,108549.00,80742499.00,189219.00,6193671774.00,175392.00,1701154.00,17918373.00,45571274.00,10692193.00,11923914.00
2002,94992.00,22600770.00,17519417.00,3051010.00,70049.00,294665185.00,3478777.00,37681749.00,3033978.00,59080.00,78295.00,19651400.00,8081957.00,8171950.00,6704113.00,10332785.00,7295394.00,12293100.00,132478086.00,7837161.00,735146.00,307660.00,3759387.00,9865548.00,262378.00,62912.00,8742814.00,179537520.00,273425.00,346782.00,616018.00,1704642.00,3802128.00,31360079.00,106959751.00,7284753.00,149596.00,15684409.00,1280400000.00,17231539.00,16357602.00,49871666.00,3310387.00,40875363.00,569479.00,442951.00,4100925.00,6604961.00,11199651.00,129205.00,45351.00,976964.00,10196916.00,82488495.00,746942.00,69837.00,5375931.00,8724975.00,31855109.00,1849607538.00,2560101445.00,2083186112.00,369278345.00,863936840.00,13143465.00,71485043.00,324125336.00,2481058.00,41431558.00,1379350.00,70142091.00,430881944.00,530422958.00,5200598.00,815257.00,61805267.00,47233.00,107030.00,1288315.00,59370479.00,3978515.00,20246381.00,32102.00,8586074.00,1404261.00,1254453.00,658384.00,10902022.00,103634.00,56609.00,12147518.00,157176.00,744789.00,1115120730.00,6744100.00,6929265.00,499113575.00,4302174.00,8754150.00,10158608.00,4077663877.00,5209100116.00,1131436239.00,377512127.00,217357793.00,753924112.00,78318.00,1093317189.00,,3931947.00,67284796.00,24931919.00,287523.00,6570000.00,57059007.00,2692845.00,5317506.00,127445000.00,14858948.00,33751739.00,4990700.00,12637727.00,87305.00,45168.00,47644736.00,2136997.00,507060155.00,5493246.00,4182205.00,3024729.00,5531089.00,159392.00,535509360.00,691061397.00,424933735.00,33879.00,19062482.00,2233327611.00,5157632243.00,2029829.00,2073757401.00,3443067.00,446175.00,2310173.00,448821.00,30910.00,29454768.00,32806.00,2910504.00,16765117.00,294186.00,327362252.00,101684758.00,52370.00,4732698508.00,2048928.00,11616887.00,395969.00,47702171.00,289264324.00,609828.00,2443271.00,58420.00,18764155.00,2778099.00,1204621.00,11713664.00,24208391.00,319048184.00,1851523.00,221490.00,12189983.00,128596076.00,5219328.00,16148929.00,4538159.00,24725627.00,10102.00,3948500.00,1214754899.00,2334858.00,21639132.00,149549700.00,3149188.00,27100968.00,81365258.00,19637.00,6098621.00,38230364.00,582828705.00,3823701.00,23339453.00,10419631.00,5531962.00,3075373.00,2006078.00,1030561684.00,248972.00,640868.00,21730496.00,145306497.00,8427060.00,1442644058.00,21805313.00,28704778.00,10283699.00,4175950.00,435432.00,4965766.00,5962136.00,28175.00,9501342.00,7496522.00,699777823.00,6688226.00,701066167.00,30250171.00,147447.00,482228.00,5376912.00,1994530.00,8924958.00,1019059.00,30777.00,83723.00,17084632.00,23232.00,9019233.00,1826238744.00,433541379.00,5197031.00,64069087.00,6426867.00,4610005.00,519420817.00,922694.00,286188951.00,99022.00,1442644058.00,701066167.00,1277213.00,9871251.00,65145367.00,9596.00,35334788.00,25167257.00,48202470.00,2499370897.00,3326040.00,287625193.00,25271850.00,108097.00,25100408.00,21129.00,108510.00,81534407.00,193920.00,6272752973.00,176407.00,1702310.00,18443691.00,46150913.00,10971698.00,11954290.00
2003,97017.00,23680871.00,18121479.00,3039616.00,73182.00,301113849.00,3711932.00,38087868.00,3017932.00,59504.00,79300.00,19895400.00,8121423.00,8234100.00,6909154.00,10376133.00,7520555.00,12654621.00,134791603.00,7775327.00,778708.00,313129.00,3762173.00,9796749.00,269425.00,63325.00,8905823.00,181809246.00,274329.00,353293.00,627839.00,1734398.00,3881181.00,31644028.00,106624167.00,7339001.00,150068.00,15849652.00,1288400000.00,17599610.00,16800865.00,51425580.00,3406922.00,41483872.00,583211.00,449930.00,4164053.00,6650970.00,11229183.00,131897.00,46632.00,993563.00,10193998.00,82534176.00,759641.00,70100.00,5390574.00,8850317.00,32264157.00,1865132706.00,2603300732.00,2099602439.00,369597930.00,866215690.00,13369678.00,72826097.00,325885964.00,2600973.00,42187645.00,1370720.00,72170584.00,432415939.00,544149583.00,5213014.00,816076.00,62244886.00,47432.00,106901.00,1319953.00,59647577.00,3951736.00,20750299.00,32555.00,8753093.00,1449925.00,1283305.00,686664.00,10928070.00,104005.00,56765.00,12415334.00,157717.00,745143.00,1122162870.00,6730800.00,7106319.00,513601239.00,4303399.00,8900104.00,10129552.00,4122166250.00,5280932636.00,1158766386.00,386309896.00,220309469.00,772456490.00,78884.00,1111523144.00,,3996521.00,68122938.00,25644499.00,289521.00,6689700.00,57313203.00,2709437.00,5434030.00,127718000.00,14909018.00,34678779.00,5043300.00,12856163.00,88835.00,45749.00,47892330.00,2161626.00,513900749.00,5576640.00,4388375.00,3077058.00,5620547.00,160530.00,542599538.00,708587948.00,437166682.00,34175.00,19224037.00,2272093950.00,5229719493.00,2018348.00,2087310557.00,3415213.00,451630.00,2287955.00,460165.00,32053.00,29782884.00,33153.00,2902320.00,17279141.00,302683.00,333608779.00,103081020.00,53456.00,4792552811.00,2053426.00,11982695.00,398582.00,48148902.00,294343628.00,612267.00,2468762.00,57947.00,19331100.00,2857148.00,1213370.00,12000181.00,24698819.00,321815286.00,1879117.00,225296.00,12647984.00,131900631.00,5292118.00,16225302.00,4564855.00,25080872.00,9994.00,4027200.00,1223690233.00,2386166.00,22018494.00,153093373.00,3209048.00,27372226.00,83051971.00,19809.00,6223377.00,38204570.00,599938109.00,3826095.00,23542426.00,10458821.00,5632983.00,3154969.00,2027846.00,1035711708.00,252703.00,681788.00,21574326.00,144648618.00,8557161.00,1468324422.00,22456649.00,29460519.00,10541467.00,4114826.00,447017.00,5201070.00,5994077.00,28562.00,9815412.00,7480591.00,718420058.00,6935676.00,719716209.00,30697310.00,150415.00,487938.00,5373374.00,1995733.00,8958229.00,1022802.00,31472.00,82781.00,17415214.00,25011.00,9373916.00,1841560579.00,433680225.00,5330639.00,64549866.00,6541547.00,4655743.00,526462542.00,947108.00,291188659.00,99589.00,1468324422.00,719716209.00,1283559.00,9945277.00,66089402.00,9726.00,36337782.00,25980552.00,47812949.00,2520458861.00,3323668.00,290107933.00,25567650.00,108326.00,25551624.00,21672.00,108506.00,82301656.00,198959.00,6351882363.00,177484.00,1703466.00,18985000.00,46719196.00,11256743.00,11982224.00
2004,98737.00,24726684.00,18758145.00,3026939.00,76244.00,307862843.00,4068570.00,38491972.00,3000720.00,59681.00,80336.00,20127400.00,8171966.00,8306500.00,7131693.00,10421137.00,7750004.00,13030569.00,136986432.00,7716860.00,829844.00,318894.00,3764194.00,9730146.00,276504.00,63740.00,9069039.00,184006481.00,275284.00,359433.00,638815.00,1765527.00,3959875.00,31940655.00,106331716.00,7389625.00,150716.00,16014971.00,1296075000.00,17970494.00,17259322.00,53068880.00,3510468.00,42075953.00,597228.00,456617.00,4225155.00,6696953.00,11250365.00,134192.00,47902.00,1010408.00,10197101.00,82516260.00,771603.00,70382.00,5404523.00,8974444.00,32692163.00,1880248895.00,2646483566.00,2115458616.00,370083723.00,868808156.00,13596388.00,74172073.00,327682505.00,2719803.00,42921895.00,1362550.00,74239505.00,434040236.00,558207668.00,5228172.00,817860.00,62704895.00,47600.00,106625.00,1353795.00,59987905.00,3927340.00,21272323.00,32928.00,8925743.00,1496527.00,1313492.00,716949.00,10955141.00,104347.00,56911.00,12682108.00,158101.00,745737.00,1129635679.00,6783500.00,7282953.00,528444632.00,4304600.00,9047077.00,10107146.00,4166322557.00,5352930962.00,1186608405.00,395320114.00,223285676.00,791288291.00,79520.00,1129623456.00,,4070262.00,68951281.00,26313838.00,292074.00,6809000.00,57685327.00,2725015.00,5580244.00,127761000.00,15012985.00,35635271.00,5104700.00,13066469.00,90499.00,46323.00,48082519.00,2200492.00,520642948.00,5662208.00,4569378.00,3135651.00,5710154.00,161816.00,549590595.00,726331177.00,449765047.00,34452.00,19387153.00,2310951151.00,5301915963.00,2005940.00,2100746529.00,3377075.00,458095.00,2263122.00,471597.00,33186.00,30115214.00,33500.00,2895147.00,17802997.00,311265.00,340143481.00,104514932.00,54476.00,4852150916.00,2057048.00,12369070.00,401268.00,48564484.00,299502774.00,613353.00,2496391.00,57246.00,19910552.00,2939247.00,1221003.00,12301838.00,25190652.00,324809693.00,1907745.00,228750.00,13125916.00,135320422.00,5364935.00,16281779.00,4591910.00,25419344.00,9902.00,4087500.00,1232647024.00,2445517.00,22442101.00,156664697.00,3269356.00,27624213.00,84710542.00,19867.00,6354245.00,38182222.00,617518671.00,3826878.00,23732731.00,10483861.00,5730549.00,3236626.00,2050572.00,1041075168.00,255992.00,753334.00,21451748.00,144067316.00,8680524.00,1493757846.00,23132682.00,30214193.00,10810083.00,4166664.00,458539.00,5433991.00,6023797.00,28940.00,10130243.00,7463157.00,737679777.00,7213351.00,738983255.00,31189626.00,153737.00,493680.00,5372280.00,1997012.00,8993531.00,1026286.00,32488.00,82475.00,17827825.00,26700.00,9734767.00,1856486252.00,434022293.00,5467766.00,64995299.00,6662389.00,4703401.00,533415168.00,971893.00,296266148.00,100218.00,1493757846.00,738983255.00,1290123.00,10022277.00,67010930.00,9869.00,37379767.00,26821297.00,47451626.00,2541199765.00,3321476.00,292805298.00,25864350.00,108512.00,25996594.00,22334.00,108467.00,83062821.00,204127.00,6431551642.00,178590.00,1704622.00,19540098.00,47291610.00,11550642.00,12019912.00
2005,100031.00,25654277.00,19433602.00,3011487.00,78867.00,314965793.00,4588225.00,38892931.00,2981269.00,59562.00,81465.00,20394800.00,8227829.00,8391850.00,7364862.00,10478617.00,7982225.00,13421930.00,139035505.00,7658972.00,889164.00,324859.00,3765331.00,9663915.00,283800.00,64154.00,9232306.00,186127103.00,276323.00,365114.00,648739.00,1799078.00,4038382.00,32243753.00,106041911.00,7437115.00,151678.00,16182721.00,1303720000.00,18354514.00,17733410.00,54785903.00,3622775.00,42647731.00,611627.00,463032.00,4285502.00,6742709.00,11261582.00,137658.00,49261.00,1027662.00,10211216.00,82469422.00,783254.00,70589.00,5419432.00,9097257.00,33149724.00,1895275474.00,2689792046.00,2131146832.00,370632537.00,871456632.00,13825847.00,75523569.00,329380417.00,2826659.00,43653155.00,1354775.00,76346311.00,435581949.00,572498604.00,5246096.00,821604.00,63179351.00,47722.00,106129.00,1390549.00,60401206.00,3902469.00,21814642.00,33219.00,9109581.00,1543741.00,1344930.00,749535.00,10987314.00,104661.00,56935.00,12948292.00,158402.00,746163.00,1137301496.00,6813200.00,7458985.00,543555326.00,4310145.00,9195288.00,10087065.00,4210325712.00,5425296741.00,1214971029.00,404615758.00,226289470.00,810355271.00,80305.00,1147609927.00,,4159914.00,69762347.00,26922284.00,296734.00,6930100.00,57969484.00,2740003.00,5765635.00,127773000.00,15147029.00,36624895.00,5162600.00,13273354.00,92325.00,46852.00,48184561.00,2270198.00,527308236.00,5751676.00,4698763.00,3218116.00,5798614.00,163417.00,556504290.00,744190510.00,462679645.00,34713.00,19544988.00,2349947388.00,5374446871.00,1996114.00,2114307505.00,3322528.00,465158.00,2238799.00,482858.00,34248.00,30455561.00,33843.00,2888111.00,18336724.00,319608.00,347029874.00,106005203.00,55258.00,4911767226.00,2060273.00,12775516.00,403834.00,48949924.00,304755503.00,614261.00,2526424.00,56542.00,20493925.00,3024194.00,1228254.00,12625952.00,25690611.00,327824506.00,1938320.00,232250.00,13624467.00,138865016.00,5438690.00,16319868.00,4623291.00,25744500.00,9849.00,4133900.00,1241535834.00,2511251.00,22929109.00,160304008.00,3330217.00,27866145.00,86326250.00,19781.00,6494903.00,38165445.00,635451653.00,3821362.00,23904167.00,10503330.00,5824096.00,3320396.00,2074778.00,1046366694.00,258780.00,865416.00,21319685.00,143518814.00,8840215.00,1518861552.00,23816183.00,30949516.00,11090116.00,4265762.00,469918.00,5645624.00,6052123.00,29324.00,10446863.00,7440769.00,757613569.00,7535932.00,758924681.00,31746596.00,157472.00,499461.00,5372807.00,2000474.00,9029572.00,1030579.00,33011.00,82858.00,18361176.00,28180.00,10096633.00,1871341375.00,434427812.00,5611640.00,65416189.00,6789321.00,4754646.00,540306214.00,995135.00,301435107.00,100905.00,1518861552.00,758924681.00,1296502.00,10106771.00,67903469.00,10000.00,38450320.00,27684585.00,47105171.00,2561819838.00,3321803.00,295516599.00,26167000.00,108614.00,26432447.00,23107.00,108454.00,83832661.00,209282.00,6511748367.00,179727.00,1705780.00,20107409.00,47880601.00,11856247.00,12076699.00
2006,100834.00,26433049.00,20149901.00,2992547.00,80993.00,322452754.00,5300174.00,39289878.00,2958307.00,59107.00,82704.00,20697900.00,8268641.00,8484550.00,7607849.00,10547958.00,8216897.00,13829176.00,140921167.00,7601022.00,958418.00,331033.00,3765424.00,9604924.00,291329.00,64523.00,9395446.00,188167356.00,277477.00,370263.00,657410.00,1835908.00,4118069.00,32571174.00,105772481.00,7483934.00,153008.00,16354504.00,1311020000.00,18754916.00,18223674.00,56578037.00,3745141.00,43200901.00,626425.00,469170.00,4345412.00,6788114.00,11261248.00,141239.00,50740.00,1045507.00,10238905.00,82376451.00,794563.00,70718.00,5437272.00,9218686.00,33641002.00,1909891462.00,2733278833.00,2146744075.00,371318140.00,874157201.00,14059384.00,76873663.00,330922789.00,2918205.00,44397319.00,1346810.00,78489206.00,436998049.00,587009010.00,5266268.00,827870.00,63621381.00,47792.00,105371.00,1430152.00,60846820.00,3880347.00,22379055.00,33417.00,9307425.00,1591445.00,1377581.00,784496.00,11020362.00,104933.00,56774.00,13213330.00,158648.00,746343.00,1145660099.00,6857100.00,7634298.00,558909236.00,4311159.00,9344785.00,10071370.00,4253873147.00,5497791204.00,1243918057.00,414232526.00,229318262.00,829685531.00,81285.00,1165486291.00,,4273591.00,70554760.00,27448124.00,303782.00,7053700.00,58143979.00,2754407.00,5991540.00,127854000.00,15308084.00,37649033.00,5218400.00,13477709.00,94343.00,47333.00,48438292.00,2373672.00,533896504.00,5846074.00,4759753.00,3329211.00,5886872.00,165381.00,563337673.00,762132501.00,475927007.00,34970.00,19695972.00,2389129523.00,5447074438.00,1989939.00,2127750972.00,3269909.00,472637.00,2218357.00,493799.00,35237.00,30804683.00,34190.00,2880095.00,18880269.00,327487.00,354302463.00,107560153.00,55767.00,4971147431.00,2063131.00,13203378.00,405308.00,49301050.00,310109412.00,615025.00,2558856.00,55882.00,21080110.00,3111906.00,1233996.00,12973699.00,26201961.00,331015609.00,1971317.00,235750.00,14143971.00,142538308.00,5513763.00,16346101.00,4660677.00,26066693.00,9828.00,4184600.00,1250788452.00,2580758.00,23486218.00,164022627.00,3391666.00,28102056.00,87888675.00,19540.00,6646895.00,38141267.00,653695022.00,3805214.00,24054864.00,10522288.00,5913209.00,3406334.00,2100869.00,1052054839.00,261010.00,1022711.00,21193760.00,143049637.00,9043337.00,1543610696.00,24498310.00,31661823.00,11382268.00,4401365.00,481078.00,5829237.00,6079399.00,29700.00,10763905.00,7411569.00,778248224.00,7907406.00,779566820.00,32375201.00,161681.00,505292.00,5373054.00,2006868.00,9080505.00,1036092.00,33441.00,84600.00,19059258.00,29391.00,10457124.00,1885806859.00,434964326.00,5762880.00,65812536.00,6922587.00,4810109.00,547139425.00,1016432.00,306703078.00,101706.00,1543610696.00,779566820.00,1302561.00,10201214.00,68756810.00,10120.00,39548663.00,28571475.00,46787786.00,2582017908.00,3325401.00,298379912.00,26488250.00,108603.00,26850194.00,24023.00,108371.00,84617540.00,214370.00,6592734537.00,180876.00,1719536.00,20687646.00,48489459.00,12173514.00,12155491.00
2007,101222.00,27100536.00,20905363.00,2970017.00,82684.00,330290716.00,6168838.00,39684295.00,2932618.00,58365.00,84026.00,20827600.00,8295487.00,8581300.00,7862214.00,10625700.00,8454793.00,14252021.00,142660376.00,7545338.00,1035919.00,337389.00,3762786.00,9560953.00,299025.00,64888.00,9558439.00,190130443.00,278700.00,374965.00,664876.00,1875459.00,4198010.00,32889025.00,105378748.00,7551117.00,154636.00,16530195.00,1317885000.00,19171237.00,18730282.00,58453683.00,3876119.00,43737512.00,641620.00,475060.00,4404628.00,6833384.00,11251122.00,144056.00,52280.00,1063713.00,10298828.00,82266372.00,805451.00,70795.00,5461438.00,9338861.00,34166972.00,1924018226.00,2776922496.00,2161785573.00,372332605.00,877300672.00,14296557.00,78232126.00,332645165.00,2996536.00,45226803.00,1340680.00,80674348.00,438468400.00,601759996.00,5288720.00,836190.00,64016225.00,47825.00,104444.00,1472575.00,61322463.00,3860158.00,22963946.00,33517.00,9518162.00,1639848.00,1411543.00,821687.00,11048473.00,105190.00,56555.00,13477017.00,158847.00,746474.00,1154287212.00,6916300.00,7808518.00,574560260.00,4310217.00,9495328.00,10055780.00,4296873733.00,5570347406.00,1273473673.00,424192635.00,232374245.00,849281038.00,82408.00,1183209472.00,,4398942.00,71336475.00,27911248.00,311566.00,7180100.00,58438310.00,2768227.00,6255280.00,128001000.00,15484192.00,38705932.00,5268400.00,13679962.00,96527.00,47769.00,48683638.00,2504019.00,540405225.00,5944948.00,4767344.00,3461911.00,5974787.00,167639.00,570091451.00,780219542.00,489505419.00,35217.00,19842044.00,2428529757.00,5519916433.00,1986922.00,2140907330.00,3231294.00,479993.00,2200325.00,504511.00,36137.00,31163673.00,34525.00,2873429.00,19433530.00,335169.00,361929136.00,109170502.00,56051.00,5030411014.00,2065426.00,13651464.00,406724.00,49621475.00,315573347.00,615875.00,2593820.00,55219.00,21673316.00,3202517.00,1239630.00,13341806.00,26720370.00,334185120.00,2006514.00,239250.00,14685399.00,146339977.00,5590055.00,16381696.00,4709153.00,26382581.00,9842.00,4223800.00,1260210152.00,2657158.00,24104670.00,167808105.00,3453675.00,28333052.00,89405482.00,19158.00,6808514.00,38120560.00,672318833.00,3782995.00,24188331.00,10542964.00,5998427.00,3494496.00,2128664.00,1057981931.00,262721.00,1218434.00,20882982.00,142805114.00,9273757.00,1568003159.00,25184597.00,32360621.00,11687080.00,4588599.00,492132.00,5989633.00,6105810.00,30063.00,11080121.00,7381579.00,799583871.00,8315139.00,800908534.00,33066718.00,166300.00,511181.00,5374622.00,2018122.00,9148092.00,1042652.00,33811.00,85033.00,19878254.00,30385.00,10818024.00,1899800530.00,435646364.00,5920359.00,66182067.00,7062672.00,4870141.00,553909968.00,1036392.00,312078851.00,102581.00,1568003159.00,800908534.00,1308451.00,10304726.00,69581848.00,10221.00,40681414.00,29486338.00,46509355.00,2601881257.00,3331749.00,301231207.00,26868000.00,108518.00,27247610.00,25047.00,108339.00,85419591.00,219472.00,6674203645.00,182046.00,1733404.00,21282515.00,49119759.00,12502958.00,12255922.00
2008,101358.00,27722276.00,21695634.00,2947314.00,83862.00,338395961.00,7089487.00,40080160.00,2907618.00,57492.00,85397.00,21249200.00,8321496.00,8763400.00,8126102.00,10709973.00,8696921.00,14689725.00,144304167.00,7492561.00,1114641.00,343681.00,3754271.00,9527985.00,306823.00,65273.00,9721454.00,192030362.00,279946.00,379421.00,671613.00,1915639.00,4273366.00,33247118.00,105001883.00,7647675.00,156433.00,16708258.00,1324655000.00,19605569.00,19252666.00,60411195.00,4011486.00,44254972.00,657229.00,480842.00,4463125.00,6878970.00,11236971.00,145880.00,53836.00,1081563.00,10384603.00,82110097.00,816358.00,70827.00,5493621.00,9458075.00,34730608.00,1938057249.00,2820636594.00,2177119142.00,373751805.00,880829122.00,14535739.00,79636079.00,334274725.00,3062779.00,45954106.00,1337090.00,82916235.00,439876674.00,616786947.00,5313399.00,845361.00,64374984.00,47820.00,103543.00,1518540.00,61806995.00,3848449.00,23563825.00,33559.00,9738792.00,1689285.00,1446936.00,860840.00,11077841.00,105456.00,56328.00,13739299.00,159036.00,746817.00,1163465944.00,6957800.00,7980955.00,590590368.00,4309705.00,9646580.00,10038188.00,4340024679.00,5643601079.00,1303576400.00,434469613.00,235469762.00,869106787.00,83508.00,1200669765.00,,4489544.00,72120604.00,28385746.00,317414.00,7308800.00,58826731.00,2781876.00,6556478.00,128063000.00,15674000.00,39791981.00,5318700.00,13883834.00,98761.00,48178.00,49054708.00,2656009.00,546848929.00,6046620.00,4764741.00,3607860.00,6058748.00,170011.00,576783744.00,798563392.00,503324676.00,35471.00,19983984.00,2468136919.00,5593451949.00,1987129.00,2154245139.00,3198231.00,488650.00,2177322.00,515239.00,36885.00,31536811.00,34872.00,2867964.00,19996473.00,343452.00,369823252.00,110815271.00,56174.00,5090127273.00,2067313.00,14113577.00,409379.00,49929642.00,321168767.00,616969.00,2631898.00,54625.00,22276596.00,3296238.00,1244121.00,13727890.00,27236006.00,337406357.00,2043394.00,242750.00,15250908.00,150269623.00,5667432.00,16445593.00,4768212.00,26666576.00,9891.00,4259800.00,1270059584.00,2750963.00,24762406.00,171648986.00,3516204.00,28562317.00,90901965.00,18704.00,6976201.00,38125759.00,691447610.00,3760866.00,24310142.00,10558177.00,6081296.00,3591977.00,2157454.00,1064394156.00,264061.00,1436665.00,20537875.00,142742366.00,9524534.00,1592010819.00,25888541.00,33060837.00,12004701.00,4839396.00,503360.00,6133603.00,6131764.00,30434.00,11397188.00,7350222.00,821614380.00,8736939.00,822945457.00,33798830.00,171120.00,517122.00,5379233.00,2021316.00,9219637.00,1049945.00,33964.00,86956.00,20664038.00,31202.00,11183588.00,1913718210.00,436725144.00,6083420.00,66530984.00,7209930.00,4935767.00,560624659.00,1055431.00,317576790.00,103379.00,1592010819.00,822945457.00,1314443.00,10414433.00,70418604.00,10314.00,41853944.00,30431736.00,46258189.00,2621990354.00,3340221.00,304093966.00,27302800.00,108393.00,27635832.00,26097.00,108399.00,86243413.00,224704.00,6756917893.00,183263.00,1747383.00,21892146.00,49779471.00,12848530.00,12379549.00
2009,101455.00,28394813.00,22514281.00,2927519.00,84463.00,346629220.00,7917372.00,40482788.00,2888092.00,56683.00,86746.00,21691700.00,8343323.00,8947243.00,8397668.00,10796493.00,8944708.00,15141098.00,145924797.00,7444443.00,1185076.00,349604.00,3735938.00,9506765.00,314655.00,65636.00,9884781.00,193886508.00,281104.00,383906.00,678323.00,1953498.00,4337625.00,33628895.00,104800475.00,7743831.00,158178.00,16886186.00,1331260000.00,20059147.00,19789919.00,62448574.00,4145391.00,44750054.00,673252.00,486671.00,4520740.00,6925454.00,11226709.00,146833.00,55322.00,1098083.00,10443936.00,81902307.00,827823.00,70851.00,5523095.00,9576737.00,35333881.00,1952017409.00,2864298836.00,2192059415.00,375674687.00,884469375.00,14774424.00,81134798.00,335360890.00,3119920.00,46362946.00,1334515.00,85233913.00,440917800.00,632127588.00,5338871.00,853637.00,64707040.00,47808.00,102975.00,1568928.00,62276270.00,3814419.00,24170940.00,33565.00,9964469.00,1740279.00,1483921.00,901599.00,11107017.00,105789.00,56323.00,14000190.00,159226.00,747718.00,1171805563.00,6972800.00,8150775.00,607115564.00,4305181.00,9798046.00,10022650.00,4383703298.00,5717826465.00,1334123167.00,444998521.00,238620563.00,889124646.00,84376.00,1217726215.00,,4535375.00,72924837.00,28973162.00,318499.00,7485600.00,59095365.00,2795837.00,6893260.00,128047000.00,16092822.00,40901792.00,5383300.00,14093604.00,100930.00,48599.00,49307835.00,2821045.00,553244958.00,6148623.00,4813026.00,3754133.00,6133984.00,172221.00,583430031.00,817322629.00,517267751.00,35727.00,20123508.00,2507929642.00,5667768723.00,1990131.00,2167842734.00,3162916.00,497783.00,2141669.00,526400.00,37377.00,31929087.00,35226.00,2864346.00,20569117.00,353398.00,377883993.00,112463887.00,56250.00,5150500972.00,2069039.00,14581429.00,412477.00,50250367.00,326900984.00,618294.00,2673796.00,54193.00,22894710.00,3393409.00,1247429.00,14128155.00,27735040.00,340466060.00,2081044.00,245950.00,15843133.00,154324933.00,5745526.00,16530388.00,4828726.00,26883535.00,9939.00,4302600.00,1279114140.00,2876186.00,25417830.00,175525609.00,3579215.00,28792655.00,92414158.00,18285.00,7144776.00,38151603.00,711257522.00,3740410.00,24428341.00,10568247.00,6163972.00,3689099.00,2186314.00,1069878414.00,265254.00,1654950.00,20367487.00,142785349.00,9782770.00,1615610198.00,26630303.00,33783788.00,12335084.00,4987573.00,515181.00,6272734.00,6157686.00,30816.00,11717692.00,7320807.00,844320487.00,9142259.00,845655214.00,34529598.00,175876.00,523113.00,5386406.00,2039669.00,9298515.00,1057467.00,34238.00,87298.00,21205873.00,31934.00,11560147.00,1927560609.00,438498958.00,6250835.00,66866839.00,7364753.00,5007954.00,567289601.00,1074277.00,323211885.00,103890.00,1615610198.00,845655214.00,1320930.00,10525694.00,71321399.00,10424.00,43073834.00,31411096.00,46053331.00,2642571330.00,3349676.00,306771529.00,27767400.00,108287.00,28031009.00,27039.00,108405.00,87092252.00,230247.00,6839574286.00,184556.00,1761474.00,22516460.00,50477011.00,13215139.00,12526968.00
2010,101669.00,29185507.00,23356246.00,2913021.00,84449.00,354890042.00,8549988.00,40788453.00,2877319.00,56079.00,88028.00,22031750.00,8363404.00,9054332.00,8675602.00,10895586.00,9199259.00,15605217.00,147575430.00,7395599.00,1240860.00,354942.00,3705472.00,9490583.00,322464.00,65124.00,10048590.00,195713635.00,282131.00,388646.00,685503.00,1987105.00,4386768.00,34004889.00,104421447.00,7824909.00,159734.00,17062536.00,1337705000.00,20532950.00,20341241.00,64563854.00,4273731.00,45222699.00,689692.00,492654.00,4577378.00,6973196.00,11225832.00,148703.00,56672.00,1112612.00,10474410.00,81776930.00,840198.00,70878.00,5547683.00,9695121.00,35977455.00,1965954304.00,2907916908.00,2206884624.00,377835769.00,887926820.00,15011117.00,82761235.00,336151479.00,3170435.00,46576897.00,1331475.00,87639964.00,441532412.00,647810261.00,5363352.00,859818.00,65027507.00,47814.00,102911.00,1624140.00,62766365.00,3786695.00,24779619.00,33585.00,10192176.00,1793196.00,1522599.00,943639.00,11121341.00,106233.00,56905.00,14259687.00,159444.00,749436.00,1179329058.00,7024200.00,8317470.00,624219326.00,4295427.00,9949322.00,10000023.00,4427061901.00,5792408543.00,1365346642.00,456049562.00,241834215.00,909297080.00,84857.00,1234281170.00,,4560155.00,73762519.00,29741976.00,318041.00,7623600.00,59277417.00,2810460.00,7261539.00,128070000.00,16321872.00,42030676.00,5447900.00,14312212.00,102927.00,49011.00,49554112.00,2991884.00,559496778.00,6249165.00,4953061.00,3891356.00,6197663.00,174085.00,589932554.00,836614860.00,531260028.00,35994.00,20261737.00,2548154994.00,5742542545.00,1995581.00,2180828823.00,3097282.00,506953.00,2097555.00,538219.00,37582.00,32343389.00,35612.00,2861487.00,21151640.00,365734.00,385917886.00,114092963.00,56366.00,5211282517.00,2070741.00,15049353.00,414508.00,50600818.00,332777824.00,619428.00,2719896.00,53971.00,23531574.00,3494195.00,1250400.00,14539612.00,28208035.00,343391679.00,2118874.00,249750.00,16464025.00,158503197.00,5824065.00,16615394.00,4889252.00,27013212.00,10005.00,4350700.00,1287527865.00,3041434.00,26050942.00,179424641.00,3642687.00,29027674.00,93966780.00,17955.00,7310507.00,38042794.00,731868772.00,3721525.00,24548836.00,10573100.00,6248020.00,3786161.00,2214519.00,1074865103.00,266455.00,1856327.00,20246871.00,142849468.00,10039338.00,1638792934.00,27421461.00,34545013.00,12678148.00,5076732.00,527861.00,6415634.00,6183875.00,31229.00,12043883.00,7291436.00,867684936.00,9508364.00,869025106.00,35238657.00,180371.00,529126.00,5391428.00,2048583.00,9378126.00,1064837.00,34056.00,89770.00,21362529.00,32660.00,11952136.00,1941377349.00,440420861.00,6421679.00,67195028.00,7527394.00,5087213.00,573800630.00,1093523.00,328991663.00,103986.00,1638792934.00,869025106.00,1328147.00,10635244.00,72326988.00,10530.00,44346525.00,32428167.00,45870741.00,2663127523.00,3359275.00,309321666.00,28562400.00,108255.00,28439940.00,27794.00,108358.00,87967651.00,236211.00,6921871603.00,185949.00,1775680.00,23154855.00,51216964.00,13605984.00,12697723.00
2011,102046.00,30117413.00,24220661.00,2905195.00,83747.00,363158703.00,8946777.00,41261490.00,2876538.00,55759.00,89253.00,22340024.00,8391643.00,9173082.00,8958406.00,11038264.00,9460830.00,16081911.00,149273778.00,7348328.00,1278151.00,359577.00,3661175.00,9473172.00,330237.00,64564.00,10212954.00,197514534.00,282987.00,393688.00,693298.00,2015402.00,4418636.00,34339328.00,104174038.00,7912398.00,160998.00,17233576.00,1344130000.00,21028655.00,20906388.00,66755153.00,4394844.00,45662747.00,706569.00,498856.00,4633086.00,7022380.00,11236670.00,150831.00,57878.00,1124833.00,10496088.00,80274983.00,853674.00,70916.00,5570572.00,9813210.00,36661444.00,1980035609.00,2951429046.00,2221673110.00,380165082.00,890162706.00,15243883.00,84529250.00,335419643.00,3213972.00,46742697.00,1327439.00,90139927.00,440746976.00,663884474.00,5388272.00,863449.00,65342780.00,47823.00,103450.00,1684635.00,63258810.00,3756441.00,25387710.00,33612.00,10420471.00,1848147.00,1562989.00,986853.00,11104899.00,106796.00,56890.00,14521515.00,159692.00,752028.00,1184722242.00,7071600.00,8480671.00,641921311.00,4280622.00,10100320.00,9971727.00,4471055917.00,5867932121.00,1396876204.00,467268096.00,245116206.00,929608108.00,84886.00,1250288729.00,,4580084.00,74634956.00,30725300.00,319014.00,7765800.00,59379449.00,2825929.00,7663131.00,127833000.00,16557201.00,43178257.00,5514600.00,14541423.00,104728.00,49442.00,49936638.00,3168060.00,565881766.00,6347567.00,5202343.00,4017443.00,6247439.00,175544.00,596538552.00,856472234.00,545266258.00,36293.00,20398670.00,2588455505.00,5818138003.00,2003787.00,2193830154.00,3028115.00,518347.00,2059709.00,550832.00,37446.00,32781850.00,36024.00,2859833.00,21743967.00,380495.00,393944527.00,115695473.00,56531.00,5272871745.00,2072487.00,15514591.00,416268.00,50990615.00,338814807.00,620079.00,2770362.00,54012.00,24187487.00,3598648.00,1252404.00,14962112.00,28650955.00,345960766.00,2156701.00,254350.00,17114761.00,162805071.00,5903039.00,16693074.00,4953088.00,27041437.00,10057.00,4384000.00,1294064030.00,3251108.00,26647962.00,183340592.00,3706483.00,29264318.00,95570047.00,17745.00,7472200.00,38063255.00,753326798.00,3678732.00,24673385.00,10557560.00,6333976.00,3882986.00,2241798.00,1077815367.00,267698.00,2035871.00,20147528.00,142960908.00,10293331.00,1661534412.00,28267685.00,35349681.00,13033809.00,5183688.00,541521.00,6563240.00,6210568.00,31661.00,12376302.00,7234099.00,891706327.00,9830698.00,893046172.00,35912140.00,184524.00,535177.00,5398384.00,2052843.00,9449213.00,1072032.00,33435.00,87441.00,21082966.00,33377.00,12360989.00,1955334267.00,442656487.00,6595943.00,67518382.00,7697510.00,5174085.00,580428962.00,1113151.00,334931821.00,103562.00,1661534412.00,893046172.00,1336178.00,10741880.00,73443863.00,10633.00,45673338.00,33476919.00,45706086.00,2684416240.00,3368934.00,311556874.00,29339400.00,108316.00,28888369.00,28319.00,108292.00,88871561.00,242653.00,7002860245.00,187469.00,1791000.00,23807588.00,52004172.00,14023193.00,12894316.00
2012,102560.00,31161376.00,25107931.00,2900401.00,82427.00,371443547.00,9141596.00,41733271.00,2884229.00,55667.00,90409.00,22733465.00,8429991.00,9295784.00,9245988.00,11106932.00,9729248.00,16571246.00,151007807.00,7305888.00,1299943.00,363584.00,3604972.00,9464495.00,338000.00,64798.00,10377676.00,199287296.00,283700.00,398989.00,701583.00,2039551.00,4436415.00,34714222.00,103935318.00,7996861.00,162056.00,17400347.00,1350695000.00,21547188.00,21485266.00,69020747.00,4510198.00,46075721.00,723871.00,505235.00,4688000.00,7072661.00,11257101.00,152088.00,58958.00,1135046.00,10510785.00,80425823.00,868136.00,70965.00,5591572.00,9930911.00,37383887.00,1994391099.00,2994364055.00,2236819053.00,382509766.00,893788642.00,15474102.00,86422240.00,336159194.00,,46773055.00,1322696.00,92726971.00,441395932.00,680326998.00,5413971.00,865069.00,65659809.00,47843.00,104506.00,1749682.00,63700215.00,3728874.00,25996449.00,33646.00,10652029.00,1905011.00,1604979.00,1031191.00,11045011.00,107446.00,56810.00,14781942.00,159996.00,755399.00,1191504221.00,7150100.00,8640691.00,660193774.00,4267558.00,10250930.00,9920362.00,4515490894.00,5943960591.00,1428469697.00,478336539.00,248452413.00,950133158.00,84533.00,1265782790.00,,4599533.00,75539862.00,31890011.00,320716.00,7910500.00,59539717.00,2842132.00,8090872.00,127629000.00,16792089.00,44343410.00,5607200.00,14780454.00,106370.00,49881.00,50199853.00,3348853.00,572223264.00,6444530.00,5538634.00,4135659.00,6285750.00,176646.00,603096250.00,876869863.00,559335524.00,36615.00,20425000.00,2628465458.00,5894258056.00,2014990.00,2206931627.00,2987773.00,530946.00,2034319.00,564039.00,37009.00,33241898.00,36460.00,2859458.00,22346641.00,397237.00,401974219.00,117274155.00,56717.00,5334922532.00,2074278.00,15979499.00,420028.00,51413698.00,345004009.00,620601.00,2824699.00,54311.00,24862648.00,3706554.00,1255882.00,15396005.00,29068159.00,348610010.00,2194784.00,259000.00,17795191.00,167228767.00,5982526.00,16754962.00,5018573.00,26989862.00,10279.00,4408100.00,1302075111.00,3498029.00,27227319.00,187281475.00,3770624.00,29506788.00,97212638.00,17640.00,7631002.00,38063164.00,775573001.00,3634488.00,24800612.00,10514844.00,6421512.00,3979998.00,2268708.00,1082327434.00,268998.00,2196074.00,20058035.00,143201721.00,10549678.00,1683747130.00,29155187.00,36193783.00,13401991.00,5312437.00,556064.00,6712581.00,6237923.00,32105.00,12715510.00,7199077.00,916382788.00,10113647.00,917726973.00,36568688.00,188404.00,541247.00,5407579.00,2057159.00,9519374.00,1079288.00,34640.00,88303.00,20442541.00,34066.00,12784750.00,1969562739.00,444898523.00,6773807.00,67835957.00,7874835.00,5267900.00,587001215.00,1132994.00,341024011.00,102737.00,1683747130.00,917726973.00,1344817.00,10847002.00,74653016.00,10739.00,47052481.00,34559168.00,45593342.00,2706457074.00,3378974.00,313830990.00,29774500.00,108435.00,29362449.00,28650.00,108191.00,89802487.00,249499.00,7085762277.00,189088.00,1807106.00,24473178.00,52834005.00,14465121.00,13115131.00
2013,103159.00,32269589.00,26015780.00,2895092.00,80774.00,379705717.00,9197910.00,42202935.00,2897584.00,55713.00,91516.00,23128129.00,8479823.00,9416801.00,9540289.00,11159407.00,10004588.00,17072775.00,152764676.00,7265115.00,1315029.00,367168.00,3542605.00,9465997.00,345715.00,65001.00,10542376.00,201035903.00,284296.00,404421.00,710238.00,2062536.00,4447942.00,35082954.00,103713726.00,8089346.00,163038.00,17571507.00,1357380000.00,22087505.00,22077298.00,71358807.00,4622761.00,46495492.00,741505.00,511748.00,4742107.00,7123333.00,11282720.00,153822.00,59932.00,1143866.00,10514272.00,80645605.00,883293.00,71016.00,5614932.00,10048224.00,38140132.00,2008921191.00,3037111090.00,2252046977.00,385088778.00,898060416.00,15707474.00,88404640.00,337302113.00,,46620045.00,1317997.00,95385785.00,442469471.00,697006260.00,5438972.00,865608.00,65998687.00,47892.00,105926.00,1817071.00,64128273.00,3717668.00,26607642.00,33692.00,10892810.00,1963711.00,1648257.00,1076413.00,10965211.00,108170.00,56483.00,15043981.00,160407.00,759285.00,1198364438.00,7178900.00,8798521.00,679012664.00,4255689.00,10400673.00,9893082.00,4560254816.00,6020877871.00,1460623055.00,489626543.00,251806402.00,970996512.00,83976.00,1280846129.00,,4623816.00,76481943.00,33157050.00,323764.00,8059500.00,60233948.00,2858709.00,8520420.00,127445000.00,17035550.00,45519889.00,5719600.00,15026332.00,107890.00,50328.00,50428893.00,3526376.00,578500250.00,6541304.00,5914621.00,4248334.00,6320359.00,177513.00,609598313.00,897797478.00,573583598.00,36934.00,20585000.00,2668772179.00,5971273930.00,2028519.00,2220297520.00,2957689.00,543360.00,2012647.00,577372.00,36453.00,33715693.00,36901.00,2858692.00,22961253.00,415593.00,409977872.00,118827161.00,56938.00,5397690332.00,2076067.00,16449864.00,425967.00,51852451.00,351299193.00,621207.00,2881792.00,54784.00,25560725.00,3817494.00,1258653.00,15839269.00,29468872.00,351141670.00,2233510.00,263650.00,18504255.00,171765769.00,6062454.00,16804432.00,5079623.00,26917906.00,10821.00,4442100.00,1310419162.00,3764805.00,27794595.00,191262919.00,3835437.00,29773987.00,98871552.00,17606.00,7788379.00,38040196.00,798495530.00,3593077.00,24929452.00,10457295.00,6510276.00,4076708.00,2296101.00,1087064112.00,270328.00,2336574.00,19983693.00,143506995.00,10811543.00,1705772050.00,30052518.00,37072550.00,13782420.00,5399162.00,571335.00,6863980.00,6266070.00,32553.00,13063706.00,7164132.00,941692468.00,10355036.00,943041070.00,37214029.00,192087.00,547295.00,5413393.00,2059953.00,9600379.00,1086839.00,36607.00,89949.00,19584274.00,34731.00,13220424.00,1983964453.00,447368356.00,6954721.00,68144501.00,8059769.00,5366375.00,593509457.00,1153295.00,347222485.00,101768.00,1705772050.00,943041070.00,1353700.00,10952951.00,75928564.00,10857.00,48482266.00,35695246.00,45489648.00,2728918153.00,3389439.00,315993715.00,30243200.00,108622.00,29783571.00,28847.00,108044.00,90753472.00,256635.00,7169638368.00,190717.00,1818117.00,25147109.00,53689236.00,14926504.00,13350356.00
2014,103774.00,33370794.00,26941779.00,2889104.00,79213.00,387907747.00,9214175.00,42669500.00,2912403.00,55791.00,92562.00,23475686.00,8546356.00,9535079.00,9844297.00,11209057.00,10286842.00,17586017.00,154520167.00,7223938.00,1336075.00,370633.00,3482104.00,9474511.00,353366.00,65138.00,10706517.00,202763735.00,284825.00,409769.00,719056.00,2088614.00,4464175.00,35437435.00,103496179.00,8188649.00,164100.00,17758959.00,1364270000.00,22647683.00,22681858.00,73767447.00,4736974.00,46967706.00,759390.00,518269.00,4795396.00,7173442.00,11306902.00,155909.00,60848.00,1152285.00,10525347.00,80982500.00,898696.00,71085.00,5643475.00,10165178.00,38923687.00,2023597462.00,3079708551.00,2267482299.00,387660810.00,902406816.00,15951838.00,90424654.00,338462222.00,,46480882.00,1314545.00,98094253.00,443576663.00,713739741.00,5461512.00,866453.00,66312067.00,47960.00,107446.00,1883800.00,64602298.00,3719414.00,27224472.00,33725.00,11150977.00,2024042.00,1692439.00,1122276.00,10892413.00,108902.00,56295.00,15306316.00,161016.00,763380.00,1205404811.00,7229500.00,8955589.00,698336451.00,4238389.00,10549008.00,9866468.00,4604833828.00,6098335490.00,1493501662.00,501147849.00,255129004.00,992353813.00,83488.00,1295604184.00,,4657740.00,77465753.00,34411951.00,327386.00,8215700.00,60789140.00,2875136.00,8920049.00,127276000.00,17288285.00,46699981.00,5835500.00,15274503.00,109391.00,50776.00,50746659.00,3690941.00,584677997.00,6639756.00,6262410.00,4359505.00,6362037.00,178296.00,616001190.00,919226401.00,588174709.00,37223.00,20778000.00,2709173405.00,6048822070.00,2043437.00,2233867635.00,2932367.00,556319.00,1993782.00,590208.00,36015.00,34192347.00,37322.00,2856950.00,23589887.00,435015.00,417932241.00,120355128.00,57179.00,5460647361.00,2077775.00,16934220.00,434558.00,52280807.00,357637340.00,621810.00,2940108.00,55305.00,26286163.00,3930896.00,1260934.00,16289540.00,29866559.00,353803581.00,2273430.00,268050.00,19240157.00,176404902.00,6142733.00,16865008.00,5137232.00,26906926.00,11853.00,4509700.00,1319149967.00,4027260.00,28364410.00,195306825.00,3901315.00,30090359.00,100513138.00,17626.00,7946731.00,38011735.00,821931240.00,3534874.00,25057752.00,10401062.00,6599526.00,4173398.00,2325136.00,1091996107.00,271705.00,2459198.00,19908979.00,143819666.00,11083635.00,1727640967.00,30916994.00,37977655.00,14174731.00,5469724.00,587079.00,7017144.00,6295128.00,32948.00,13423576.00,7130576.00,967607494.00,10554883.00,968959787.00,37862988.00,195727.00,553278.00,5418649.00,2061980.00,9696110.00,1095021.00,37685.00,91359.00,18715672.00,35369.00,13663559.00,1998513398.00,449819913.00,7137997.00,68438730.00,8252833.00,5466328.00,599937483.00,1174331.00,353463942.00,101028.00,1727640967.00,968959787.00,1362342.00,11063201.00,77231907.00,10972.00,49959822.00,36912148.00,45272156.00,2751473956.00,3400434.00,318301008.00,30757700.00,108861.00,30045134.00,28989.00,107884.00,91714595.00,263888.00,7254226881.00,192221.00,1812771.00,25823485.00,54545991.00,15399753.00,13586681.00
2015,104341.00,34413603.00,27884381.00,2880703.00,78011.00,396028278.00,9262900.00,43131966.00,2925553.00,55812.00,93566.00,23815995.00,8642699.00,9649341.00,10160030.00,11274196.00,10575952.00,18110624.00,156256276.00,7177991.00,1371851.00,374206.00,3429361.00,9489616.00,360933.00,65237.00,10869730.00,204471769.00,285324.00,414907.00,727876.00,2120716.00,4493170.00,35702908.00,103257886.00,8282396.00,165385.00,17969353.00,1371220000.00,23226143.00,23298368.00,76244544.00,4856095.00,47520667.00,777424.00,524743.00,4847804.00,7222206.00,11324781.00,157980.00,61724.00,1160985.00,10546059.00,81686611.00,913993.00,71183.00,5683483.00,10281680.00,39728025.00,2038190036.00,3122156905.00,2282855831.00,390295673.00,906707416.00,16212020.00,92442547.00,339488380.00,,46444832.00,1315407.00,100835458.00,444543759.00,730424930.00,5479531.00,868627.00,66548272.00,48051.00,108895.00,1947686.00,65116219.00,3725276.00,27849205.00,33736.00,11432088.00,2085860.00,1737202.00,1168568.00,10820883.00,109599.00,56114.00,15567419.00,161853.00,767432.00,1212252370.00,7291300.00,9112916.00,718128416.00,4203604.00,10695542.00,9843028.00,4648915921.00,6176134809.00,1527218888.00,512877243.00,258383256.00,1014341645.00,83234.00,1310152403.00,,4701957.00,78492215.00,35572261.00,330815.00,8380100.00,60730582.00,2891021.00,9266575.00,127141000.00,17542806.00,47878336.00,5956900.00,15521436.00,110930.00,51204.00,51014947.00,3835591.00,590731803.00,6741164.00,6532678.00,4472230.00,6418315.00,179126.00,622301083.00,941131317.00,603234541.00,37470.00,20970000.00,2749824313.00,6126712584.00,2059021.00,2247409050.00,2904910.00,569604.00,1977527.00,602085.00,35858.00,34663603.00,37718.00,2834530.00,24234088.00,454915.00,425821770.00,121858258.00,57439.00,5523478043.00,2079328.00,17438778.00,445053.00,52680726.00,363975550.00,622159.00,2998439.00,55780.00,27042002.00,4046301.00,1262605.00,16745303.00,30270962.00,356403308.00,2314904.00,272400.00,20001663.00,181137448.00,6223240.00,16939923.00,5188607.00,27015031.00,12475.00,4595700.00,1327822047.00,4267348.00,28948869.00,199426964.00,3968487.00,30470734.00,102113212.00,17665.00,8107775.00,37986412.00,845759344.00,3473232.00,25183833.00,10358076.00,6688746.00,4270092.00,2355672.00,1096860060.00,273124.00,2565710.00,19815616.00,144096870.00,11369071.00,1749417068.00,31717667.00,38902950.00,14578459.00,5535002.00,603118.00,7171914.00,6325124.00,33272.00,13797201.00,7095383.00,994102454.00,10715658.00,995458478.00,38526747.00,199432.00,559136.00,5423801.00,2063531.00,9799186.00,1104044.00,38825.00,93419.00,17997408.00,35981.00,14110975.00,2012980531.00,452301305.00,7323158.00,68714511.00,8454028.00,5565287.00,606271969.00,1196302.00,359705458.00,100781.00,1749417068.00,995458478.00,1370328.00,11179949.00,78529409.00,11099.00,51482633.00,38225453.00,45154036.00,2773653730.00,3412009.00,320635163.00,31298900.00,109148.00,30081829.00,29152.00,107710.00,92677076.00,271130.00,7338964954.00,193513.00,1788196.00,26497889.00,55386367.00,15879361.00,13814629.00
2016,104872.00,35383128.00,28842484.00,2876101.00,77297.00,404024435.00,9360980.00,43590368.00,2936146.00,55741.00,94527.00,24190907.00,8736668.00,9757812.00,10487998.00,11331422.00,10872067.00,18646378.00,157970840.00,7127822.00,1425791.00,377931.00,3386267.00,9501534.00,368400.00,64554.00,11031813.00,206163058.00,285796.00,419800.00,736709.00,2159944.00,4537687.00,36109487.00,102994278.00,8373338.00,166923.00,18209068.00,1378665000.00,23822714.00,23926539.00,78789127.00,4980999.00,48175048.00,795592.00,531146.00,4899345.00,7269385.00,11335109.00,159664.00,62569.00,1170187.00,10566332.00,82348669.00,929112.00,71307.00,5728010.00,10397743.00,40551404.00,2053103802.00,3164386912.00,2298486142.00,392870484.00,910904758.00,16491115.00,94447072.00,340481753.00,,46484062.00,1315790.00,103603501.00,445487728.00,747004599.00,5495303.00,872399.00,66724104.00,48173.00,110215.00,2007873.00,65611593.00,3727505.00,28481946.00,33737.00,11738441.00,2149139.00,1782437.00,1215179.00,10775971.00,110261.00,56186.00,15827690.00,162951.00,771366.00,1219052243.00,7336600.00,9270795.00,738387254.00,4174349.00,10839970.00,9814023.00,4692793113.00,6254597843.00,1561804730.00,524790731.00,261554226.00,1037013999.00,83287.00,1324509589.00,,4755335.00,79564016.00,36610632.00,335439.00,8546000.00,60627498.00,2906238.00,9551467.00,126994511.00,17794055.00,49051686.00,6079500.00,15766293.00,112524.00,51629.00,51217803.00,3956875.00,596647568.00,6845846.00,6711121.00,4586788.00,6492164.00,180024.00,628488528.00,963511276.00,618780841.00,37658.00,21203000.00,2790617792.00,6205233900.00,2075001.00,2261412980.00,2868231.00,582014.00,1959537.00,612836.00,36065.00,35126296.00,38070.00,2802170.00,24894380.00,475513.00,433597628.00,123333376.00,57735.00,5586453059.00,2080745.00,17965429.00,455356.00,53045226.00,370276461.00,622303.00,3056359.00,56188.00,27829942.00,4163534.00,1263473.00,17205289.00,30684804.00,359115352.00,2358041.00,276550.00,20788838.00,185960289.00,6303974.00,17030314.00,5234519.00,27261131.00,13049.00,4693200.00,1336645071.00,4479219.00,29542879.00,203627284.00,4037078.00,30926032.00,103663927.00,17725.00,8271760.00,37970087.00,869943914.00,3406672.00,25307744.00,10325452.00,6777872.00,4367088.00,2388307.00,1101715022.00,274575.00,2654374.00,19702267.00,144342396.00,11668818.00,1771167194.00,32442572.00,39847440.00,14993528.00,5607283.00,619437.00,7328838.00,6356143.00,33504.00,14185613.00,7058322.00,1021168391.00,10832512.00,1022526541.00,39200571.00,203227.00,564883.00,5430798.00,2065042.00,9923085.00,1113984.00,39969.00,94677.00,17453933.00,36559.00,14561666.00,2027771091.00,454717187.00,7509952.00,68971331.00,8663579.00,5662372.00,612506457.00,1219288.00,365909373.00,101133.00,1771167194.00,1022526541.00,1377564.00,11303946.00,79821724.00,11225.00,53050790.00,39647506.00,45004674.00,2795835267.00,3424132.00,322941311.00,31847900.00,109459.00,29846179.00,29355.00,107510.00,93638724.00,278330.00,7424286143.00,194535.00,1777557.00,27168210.00,56203654.00,16363507.00,14030390.00
2017,105366.00,36296400.00,29816748.00,2873457.00,77001.00,411898967.00,9487203.00,44044811.00,2944809.00,55620.00,95426.00,24601860.00,8797566.00,9854033.00,10827024.00,11375158.00,11175204.00,19193284.00,159670593.00,7075947.00,1494074.00,381761.00,3351527.00,9498264.00,375769.00,63873.00,11192854.00,207833831.00,286233.00,424473.00,745568.00,2205128.00,4596028.00,36543321.00,102738653.00,8451840.00,168665.00,18470439.00,1386395000.00,24437469.00,24566045.00,81398764.00,5110702.00,48909844.00,813892.00,537497.00,4949954.00,7314986.00,11339259.00,160175.00,63382.00,1179680.00,10594438.00,82657002.00,944097.00,71458.00,5764980.00,10513131.00,41389198.00,2068142784.00,3206361028.00,2314097713.00,395289709.00,914585461.00,16785361.00,96442593.00,341163597.00,,46593236.00,1317384.00,106400024.00,446131273.00,763578047.00,5508214.00,877459.00,66864379.00,48331.00,111459.00,2064823.00,66058859.00,3728004.00,29121471.00,33728.00,12067539.00,2213894.00,1828146.00,1262001.00,10754679.00,110874.00,56172.00,16087418.00,164281.00,775221.00,1225031038.00,7391700.00,9429013.00,759106221.00,4124531.00,10982366.00,9787966.00,4736170185.00,6333386949.00,1597216764.00,536862922.00,264645886.00,1060353842.00,83598.00,1338658835.00,,4807388.00,80673951.00,37552781.00,343400.00,8713300.00,60536709.00,2920853.00,9779173.00,126785797.00,18037776.00,50221473.00,6198200.00,16009414.00,114158.00,52036.00,51361911.00,4056099.00,602435369.00,6953035.00,6811873.00,4702228.00,6580724.00,180955.00,634554056.00,986365080.00,634796692.00,37800.00,21444000.00,2831466703.00,6284043441.00,2091412.00,2275534160.00,2828403.00,596336.00,1942248.00,622585.00,36560.00,35581294.00,38392.00,2755158.00,25570540.00,496402.00,441255236.00,124777324.00,58058.00,5649246749.00,2081996.00,18512394.00,467999.00,53382581.00,376546755.00,622373.00,3113779.00,56562.00,28649007.00,4282574.00,1264613.00,17670260.00,31105028.00,361592733.00,2402603.00,280350.00,21602472.00,190873311.00,6384855.00,17131296.00,5276968.00,27627124.00,12876.00,4793900.00,1344872020.00,4665935.00,30148800.00,207896686.00,4106771.00,31444297.00,105173264.00,17808.00,8438029.00,37974826.00,894512725.00,3325286.00,25429985.00,10300300.00,6867062.00,4454805.00,2422086.00,1105771602.00,276103.00,2724724.00,19587290.00,144496740.00,11980937.00,1792835608.00,33099147.00,40813396.00,15419381.00,5612253.00,636038.00,7488431.00,6388122.00,33671.00,14589119.00,7020858.00,1048793216.00,10910759.00,1050153672.00,39885872.00,207089.00,570501.00,5439232.00,2066388.00,10057698.00,1124753.00,40574.00,95843.00,17068002.00,37115.00,15016773.00,2042687863.00,456976356.00,7698475.00,69209858.00,8880268.00,5757669.00,618641500.00,1243261.00,372091950.00,101998.00,1792835608.00,1050153672.00,1384072.00,11433443.00,81101892.00,11370.00,54663906.00,41162465.00,44831135.00,2817780046.00,3436646.00,324985539.00,32388600.00,109827.00,29390409.00,29577.00,107268.00,94596642.00,285510.00,7509074479.00,195352.00,1791003.00,27834821.00,57000451.00,16853688.00,14236745.00
2018,105845.00,37172386.00,30809762.00,2866376.00,77006.00,419790591.00,9630959.00,44494502.00,2951776.00,55465.00,96286.00,24982688.00,8840521.00,9939771.00,11175378.00,11427054.00,11485048.00,19751535.00,161356039.00,7025037.00,1569439.00,385640.00,3323929.00,9483499.00,383071.00,63920.00,11353142.00,209469333.00,286641.00,428962.00,754394.00,2254126.00,4666377.00,37057765.00,102537026.00,8514329.00,170499.00,18729160.00,1392730000.00,25069229.00,25216237.00,84068091.00,5244363.00,49661056.00,832322.00,543767.00,4999441.00,7358958.00,11338138.00,159800.00,64174.00,1189265.00,10629928.00,82905782.00,958920.00,71625.00,5793636.00,10627165.00,42228429.00,2081639097.00,3248239444.00,2328138066.00,397435105.50,917922618.50,17084357.00,98423595.00,341843156.00,,46797754.00,1321977.00,109224559.00,446777673.00,780467640.00,5515525.00,883483.00,66965912.00,48497.00,112640.00,2119275.00,66460344.00,3726549.00,29767108.00,33718.00,12414318.00,2280102.00,1874309.00,1308974.00,10732882.00,111454.00,56023.00,16346950.00,165768.00,779004.00,1230515710.00,7451000.00,9587522.00,780234406.00,4087843.00,11123176.00,9775564.00,4777257264.50,6410738779.50,1633481515.00,549115214.00,267663435.00,1084366301.00,84077.00,1352617328.00,,4867316.00,81800269.00,38433600.00,352721.00,8882800.00,60421760.00,2934855.00,9956011.00,126529100.00,18276498.50,51393010.00,6322800.00,16249798.00,115847.00,52438.00,51606633.00,4137312.00,608125444.00,7061507.00,6848925.00,4818977.00,6678567.00,181889.00,640467174.00,1009662578.00,651327587.00,37910.00,21670000.00,2872397765.00,6361429560.50,2108132.00,2287846154.50,2801543.00,607950.00,1927174.00,631636.00,37264.00,36029138.00,38682.00,2706049.00,26262368.00,515696.00,448912962.00,126190788.00,58413.00,5710101973.50,2082958.00,19077690.00,484630.00,53708395.00,382896715.00,622227.00,3170208.00,56882.00,29495962.00,4403319.00,1265303.00,18143315.00,31528585.00,363809186.00,2448255.00,284060.00,22442948.00,195874740.00,6465513.00,17231624.00,5311916.00,28087871.00,12704.00,4841000.00,1352645878.00,4829483.00,30760211.00,212215030.00,4176873.00,31989256.00,106651922.00,17907.00,8606316.00,37974750.00,919485393.00,3193354.00,25549819.00,10283822.00,6956071.00,4569087.00,2457367.00,1109441474.00,277679.00,2781677.00,19472545.00,144477860.00,12301939.00,1814388744.00,33699947.00,41801533.00,15854360.00,5638676.00,652858.00,7650154.00,6420744.00,33785.00,15008154.00,6982604.00,1076944455.00,10975920.00,1078306520.00,40576536.00,211028.00,575987.00,5446771.00,2073894.00,10175214.00,1136191.00,40654.00,96762.00,16906283.00,37665.00,15477751.00,2056064424.00,458970243.50,7889094.00,69428524.00,9100837.00,5850908.00,624681220.00,1267972.00,378327628.00,103197.00,1814388744.00,1078306520.00,1389858.00,11565204.00,82319724.00,11508.00,56318348.00,42723139.00,44622518.00,2837704208.50,3449299.00,326687501.00,32956100.00,110210.00,28870195.00,29802.00,106977.00,95540395.00,292680.00,7591945270.50,196130.00,1797085.00,28498687.00,57779622.00,17351822.00,14439018.00
